id,rating,comment,Нравится скорость отработки заявок,Нравится качество выполнения заявки,Нравится качество работы сотрудников,Понравилось выполнение заявки,Вопрос решен
2945792,5,спасибо,,,,,
3380332,5,отлично,,,,,
3381812,5,благодарить за оперативный решение проблема,,,,,
3461991,5,прекрасный специалист большой такой,,,,,
3572768,1,пересчёт скорость,,,,,
3584536,5,спасибо за обновление покраска стена,,,,,
3596020,5,выполнить быстро,,,,,
3627490,5,спасибо управлять компания за то прислать грамотный специалист быстро отреагировать заявка,,,,,
3695420,5,решить мой вопрос спасибо,,,,,
3716702,5,очень радовать работа ук оперативно спасибо,,,,,
3726842,5,всё исправить,,,,,
3745025,5,спасибо за оперативный работа,,,,,
3749719,5,выполнить отлично обработка заявка быть слишком дорога,,,,,
3751364,5,спасибо большой теперь не скрипеть,,,,,
3773834,1,норма,,,,,
3791959,5,спасибо всё пройти очень хорошо,,,,,
3797804,5,спасибо прислать всё поменять за минута,,,,,
3799741,5,всё очень оперативно,,,,,
3802024,5,огромный спасибо,,,,,
3805876,5,всё отлично спасибо,,,,,
3812092,5,хороший мастер,,,,,
3815412,5,спасибо за оперативность,,,,,
3820641,5,выполнить,,,,,
3828569,5,всё супер мастер,,,,,
3829748,5,благодарить ребята,,,,,
3831509,5,спасибо большой,,,,,
3834081,5,проблема решить ручка окно поставить спасибо за обратный связь,,,,,
3835748,5,благодарить за проделать работа,,,,,
3835874,5,надеяться причина устранить а то после первый дождь быть тоже самый,,,,,
3839647,5,спасибо всё чётко,,,,,
3840353,5,благодарить,,,,,
3841026,5,спасибо сергей,,,,,
3842440,5,михаил отличный мастер свой дело сделать быстро чисто дать рекомендация,,,,,
3842790,5,хоть то сделать,,,,,
3844645,5,профессионально быстро очень приятный мастер,,,,,
3846831,5,спасибо вопрос решить всё стать нормально,,,,,
3848236,5,татьяна владимирович большой вы спасибо,,,,,
3850118,1,спасибо за быстрый ответ,,,,,
3852179,5,огромный спасибо вы от весь подъезд,,,,,
3854073,5,всё отлично,,,,,
3856028,1,свершиться,,,,,
3859764,5,спасибо мастер,,,,,
3859780,5,спасибо вы среагировать оперативно быстро а так же всё время быть связь,,,,,
3860248,5,среагировать быстро благодарить,,,,,
3862448,5,отличный мастер,,,,,
3863351,5,спасибо по крайний мера по ночь пока шум не слышный,,,,,
3863609,5,быстро,,,,,
3866829,5,спасибо за своевременный выполнение заявка,,,,,
3866867,5,всё сделать быстро спасибо,,,,,
3868883,5,всё отлично,,,,,
3872124,5,большой спасибо александр за оперативность профессионализм,,,,,
3873692,5,оперативно качественно спасибо,,,,,
3875262,5,благодарить весь добрый,,,,,
3877334,3,к мастер вопрос нет,,,,,
3877901,5,мастер быстро решить проблема всё исправить очень довольный спасибо,,,,,
3878088,5,вытяжка заработать спасибо отдельный спасибо мастер который сообщить нет причина препятствовать подключение вытяжка к домовой вентиляция,,,,,
3878555,5,спасибо большой надолго ли,,,,,
3879856,5,всё очень чётко организовать большой спасибо за работа,,,,,
3880345,5,спасибо вы большой за дверь за номер квартира,,,,,
3880717,3,снимать звезда за первый отписка без выполнение работа,,,,,
3881004,5,день создание заявка рабочий оперативно прислать весь ужас убрать огромный благодарность,,,,,
3881460,5,спасибо всё заработать,,,,,
3881636,5,спасибо решить мой вопрос место офис,,,,,
3882840,5,спасибо большой ольга птушкина за проделать работа,,,,,
3883200,5,всё сделать хорошо починить вовремя наверное молодец,,,,,
3883549,5,супер спасибо,,,,,
3883658,5,отлично всё выполнить обещать,,,,,
3883736,5,очень оперативно спасибо большой,,,,,
3883745,5,мастер андрей помочь подобрать оборудование кран переходник для подключение быстро качественно произвести подключение стиральный машинка огромный он спасибо,,,,,
3884964,5,умело подкрутить редуктор давление молодец,,,,,
3885089,5,всё хорошо дверь практически бесшумно закрываться,,,,,
3886150,5,проблема таковой не быть я процесс поиск страх компания весь лишь спасибо сотрудник,,,,,
3886231,5,быстро чётко без проблема один слово мастер,,,,,
3886721,5,работать спасибо,,,,,
3886923,5,сегодня ездить всё исправно работать спасибо,,,,,
3886937,5,спасибо большой всё понятно,,,,,
3887002,5,татьяна спасибо,,,,,
3887203,5,вопрос ответить крепление нельзя повесить колясочный,,,,,
3887228,5,большой спасибо,,,,,
3887353,5,хороший,,,,,
3887392,5,спасибо за то быстро отреагировать,,,,,
3887422,5,сервис высота мастер профессионал,,,,,
3887606,1,около,,,,,
3887614,2,надолго ли,,,,,
3887743,5,спасибо всё работать,,,,,
3887844,5,заявка выполнить спасибо,,,,,
3887922,5,дверь закрываться намного хороший,,,,,
3888009,5,спасибо за быстрый реагирование,,,,,
3888318,5,оперативно сработать благодарить,,,,,
3888354,5,спасибо сантехник алексей всё сделать качественно,,,,,
3888539,5,огромный человеческий спасибо за оперативность выполнение работа наш дежурный сантехник прибыть воскресение через минута после написание заявка всё решиться хороший образ вот так бы всё вопрос оперативно решаться,,,,,
3888591,5,очень оперативно никуда не прийтись ходить,,,,,
3888606,5,проблема решить,,,,,
3888633,5,очень оперативно отреагировать спасибо,,,,,
3888794,5,оперативно качественно вопрос не возникнуть спасибо,,,,,
3888828,5,благодарить за оперативность,,,,,
3889213,5,спасибо за оперативный решение проблема,,,,,
3889473,1,оперативный работа,,,,,
3889502,5,оперативный решение проблема,,,,,
3889542,5,первый раз вы решить вопрос быстро,,,,,
3889783,5,отлично спасибо,,,,,
3889827,5,спасибо большой татьяна,,,,,
3889956,5,хороший мастер свет спасибо большой,,,,,
3890030,5,спасибо большой починить домофон,,,,,
3890209,5,отличный работа,,,,,
3890231,5,спасибо огромный за помощь,,,,,
3890239,5,обычный услуга цена правда завысить за около ти минута работа,,,,,
3890275,5,отличный работа теперь дверь закрываться плавно спасибо,,,,,
3890393,5,всё супер быстро спасибо,,,,,
3890484,5,оперативно спасибо,,,,,
3890486,5,супер,,,,,
3890517,5,молодец оперативно,,,,,
3890604,5,вопрос решиться быстро спасибо,,,,,
3890678,5,александр спасибо за объяснение причина бульканье,,,,,
3890716,5,спасибо всё быстро,,,,,
3890985,5,спасибо исправить мой ошибка,,,,,
3891095,5,мастер сделать всё очень быстро аккуратно,,,,,
3891325,5,очень вежливый профессиональный мастер устранить всё недочёт оперативно качественно просто отлично спасибо,,,,,
3891380,5,иван огромный спасибо вы,,,,,
3891477,5,среагировать за минута,,,,,
3891489,5,спасибо специалист роман который помочь я наконец то решить мой вопрос очень грамотный вежливый специалист,,,,,
3891568,5,спасибо тот же день электрик решить проблема,,,,,
3891612,5,лифт пола помыть большой спасибо за уборка ждать установка зеркало лифт,,,,,
3891850,5,да всё верно спасибо,,,,,
3891871,5,спасибо всё бистро устранить,,,,,
3891943,4,спасибо вроде бы стать хороший,,,,,
3892115,5,спасибо большой за ваш быстрый профессиональный помощь,,,,,
3892189,5,всё быстро не смотреть поздний час,,,,,
3892432,5,ответ быть предоставить оперативно полный объём,,,,,
3892474,5,спасибо огромный напор стать отличный,,,,,
3892548,5,спасибо там правда всё убрать стать прям чисто если мочь ещё отмыть пятно то быть очень вы признательный возможно там нужный не только тряпка,,,,,
3892589,5,сделать,,,,,
3892591,5,спасибо мастер сергей за чёткий работа,,,,,
3892629,4,наконец то очень надеяться через день он не встать снова,,,,,
3892632,5,благодарить очень оперативно,,,,,
3892659,5,быстро мастер большой спасибо,,,,,
3892748,5,вопрос решить быстро спасибо мастер фото выполнить работа приложить даже позвонить,,,,,
3892858,5,главное проблема решить спасибо,,,,,
3892909,5,спасибо всё сделать быстро очень вежливый сотрудник,,,,,
3892910,5,спасибо решить проблема оперативно,,,,,
3893074,5,оперативно внимательно вежливый спасибо,,,,,
3893110,5,спасибо всё оперативно сделать,,,,,
3893437,5,быть распечатать бумажный квитанция хотеть поблагодарить работник расчётный отдел за разьяснение по квитанция найти электронный вариант квитанция приложение самолёт ук,,,,,
3893476,5,заявка быстрый принять работа проблема решить спасибо,,,,,
3893532,5,молодец быстро,,,,,
3893735,5,спасибо большой за оперативность,,,,,
3893860,5,спасибо большой весь благо процветание ваш компания,,,,,
3893967,5,спасибо электрик,,,,,
3894064,5,всё грамотно по полочка объяснить,,,,,
3894130,5,благодарить за быстро качественно оказать услуга,,,,,
3894191,5,спасибо за оперативный решение вопрос,,,,,
3894326,5,огромный спасибо быстро качественно,,,,,
3894440,5,спасибо за ремонт,,,,,
3894680,5,благодарить менеджер татьяна,,,,,
3894684,5,благодарить менеджер,,,,,
3894714,5,сотрудник молодец,,,,,
3894893,5,оперативно качественно браво,,,,,
3894902,5,спасибо огромный оперативно качественно решить проблема,,,,,
3895042,5,подниматься сегодня утро запах нет совсем спасибо большой,,,,,
3895051,5,специалист проконсультировать сориентировать по срок,,,,,
3895064,5,спасибо быстро качественно,,,,,
3895519,5,быстро оперативно,,,,,
3895624,5,оперативно пока работать,,,,,
3895634,5,лик спасибо вы за оперативный ответ подробный разъяснение по работа приложение,,,,,
3895794,5,отличный сотрудник,,,,,
3895805,5,спасибо мастер олег,,,,,
3895874,5,для точный оценка нужно пережить зима понять хороший стать или нет,,,,,
3895925,5,спасибо большой за оперативность уже оценить песочек очень хороший чистый ребёнок быть очень рада песочница достаточный количество песок,,,,,
3896179,5,быстро качественно,,,,,
3896191,5,спасибо большой всё решить быстро,,,,,
3896230,5,оперативно быстро,,,,,
3896480,5,оказать не только услуга по приобретение ключ но ещё установить приложение ук самолёт,,,,,
3896509,5,приходить мастер всё отрегулировать большой спасибо,,,,,
3896614,5,оперативно,,,,,
3896717,5,спасибо за консультация,,,,,
3896735,5,парень установщик отработать а вот упаковка не очень тк не полный комплект фурнитура отсутствовать комплект нижний ответка прийтись колхозить отпиливать кусок от старый ответка а также шуруп отсутствовать,,,,,
3896818,5,спасибо всё хорошо,,,,,
3896822,5,всё около,,,,,
3896870,5,сразу бы так,,,,,
3896928,5,ответ получить спасибо результат стать уточнение я понять,,,,,
3896945,5,благодарить за обратный связь за возможность добавить необходимый документ лк приложение тем самый решить вопрос не посещать клиентский офис при звонок быть вежливый доброжелательный отношение,,,,,
3896981,5,прислать следующий день,,,,,
3897000,5,очень быстро отреагировать работа качественный,,,,,
3897003,1,ну устранить,,,,,
3897016,5,спасибо за подсказка внимательный отношение,,,,,
3897067,5,сантехник связаться сразу вопрос решить,,,,,
3897113,5,спасибо техника,,,,,
3897118,5,благодарить всё отлично,,,,,
3897201,5,сантехник быть,,,,,
3897252,5,подсказать куда обратиться для решение вопрос,,,,,
3897281,5,спасибо большой за информация татьяна молодец,,,,,
3897654,5,электрик прийти день обращение снять показание счеткик работать сотрудник вежливый благодарить,,,,,
3897730,5,всё быть сделать быстро качественно,,,,,
3897831,5,напор стать гораздо сильный небо земля быстро понять причина слабый напор спасибо,,,,,
3898045,5,спасибо за ваш работа вычислить бы кто вырвать предыдущий доводчик наказать а вы спасибо,,,,,
3898232,5,да открыть спасибо,,,,,
3898417,5,быстро позвонить прислать всё сделать спасибо,,,,,
3898427,5,молодец очень оперативно прям минус один головной боль,,,,,
3898572,5,очень быстро качественно спасибо,,,,,
3898709,5,спасибо большой за разъяснение за оперативность,,,,,
3898761,5,сотрудник работать мгновенно обрабатываться заявка ответ поступать сразу всё решаться отличный сервис очень приятно,,,,,
3898762,5,быстро понятно,,,,,
3899012,5,просто удобно а также быстро экономия время ресурс,,,,,
3899842,5,отлично всё сделать бал,,,,,
3899902,4,четвёрка за то выслать только второй раз нужный квитанция,,,,,
3900150,5,спс,,,,,
3900408,5,спасибо большой всё получить,,,,,
3900525,5,спасибо очень оперативно,,,,,
3900539,5,благодарить мастер всё объяснить дать рекомендация,,,,,
3900559,5,ребята молодец,,,,,
3900602,5,спасибо за оперативный решение,,,,,
3900869,5,большой спасибо мастер,,,,,
3900886,5,к оказание сам услуга сантехник претензия нет а вот то отключение происходить регулярно крайне негативно сказываться впечатление о компания самолёт ук,,,,,
3901101,5,специалист компетентно объяснить необходимо сделать такой случай игорь золотухин,,,,,
3901168,5,быстро чётко,,,,,
3901182,5,всё хорошо,,,,,
3901194,5,владимир грамотно здорово быстро всё сделать,,,,,
3901238,5,отличный сервис,,,,,
3901257,5,спасибо сервис работать это самый главное,,,,,
3901356,5,всё отлично позвонить ответ предоставить,,,,,
3901414,5,заявка быть отработать течение ти минута благодарить за оперативность,,,,,
3901446,5,оперативный решение спасибо,,,,,
3901616,5,татьяна оперативно решить вопрос очень отзывчивый,,,,,
3901836,5,всё гуд,,,,,
3901987,5,поприветствовать предложить присесть всё быстро оформить спасибо,,,,,
3902000,4,спасибо убрать надпись думать быть аккуратный,,,,,
3902088,5,всё быстро чётко,,,,,
3902093,5,добрый день заявка быть выполнить качественно сотрудник грамотный очень вежливый большой они спасибо,,,,,
3902383,5,спасибо за помощь от подключиться инженер,,,,,
3902482,5,замечательный мастер всё очень оперативно качественно добрый человек золотой рука огромный спасибо,,,,,
3902496,5,благодарить хотя я уже давно просить получать эл почта но почему то ещё бумажный получать,,,,,
3902529,5,вопрос быть решить оперативно спасибо большой,,,,,
3902558,5,молодец,,,,,
3902632,5,всё около спасибо,,,,,
3902786,5,красавец быстро оперативно очень приятно общение,,,,,
3902795,5,хороший обслуживание,,,,,
3903272,5,оперативно всегда,,,,,
3903349,5,большой спасибо оперативно поставить ограничитель,,,,,
3903374,4,один звезда снять за то отличаться цвет плитка,,,,,
3903406,5,спасибо быстро оперативно,,,,,
3903436,5,горячий вода появиться,,,,,
3903607,5,вот теперь молодец,,,,,
3903626,5,всё отлично бистро устранить мастер хороший,,,,,
3903666,5,спасибо проблема быть решить,,,,,
3903709,5,спасибо за оперативность грамотный развернуть ответ,,,,,
3903741,5,спасибо большой заявка выполнить быстро качественно,,,,,
3903997,5,выполнить быстро качественно,,,,,
3904073,5,всё понятно объяснить,,,,,
3904265,5,большой спасибо василий за проделать работа,,,,,
3904421,5,благодарить помочь а то до вы никто не мочь решить этот проблема ещё раз спасибо,,,,,
3904489,5,очень оперативно менеджер связаться ответить вопрос отправить необходимый документ благодарить,,,,,
3904503,5,быстро отреагировать запустить,,,,,
3904606,5,спасибо оперативно принять заявка отремонтировать лифт работать исправно,,,,,
3904693,5,оперативно надёжно,,,,,
3904847,5,спасибо услуга оказать очень оперативно удобный формат заказать ключ выходной понедельник всё быть готовый сотрудник вежливый внимательный,,,,,
3904911,5,всё супер очень оперативно профессионально спасибо,,,,,
3905059,5,всё быстро качественно,,,,,
3905086,5,тот кто выполнять заявка чудо оперативно выполнить спасибо,,,,,
3905337,5,спасибо ждать бумажный платёжный поручение следующий месяц,,,,,
3905720,5,хороший мастер свет нужно он выдать премия,,,,,
3905786,5,спасибо электрик оперативно прийти,,,,,
3906032,5,хотеться бы каждый месяц присылать квитанция почта или приложение,,,,,
3906048,5,большой спасибо электрик ситуация быть не из простой но он обнаружить проблема смочь она решить,,,,,
3906126,5,сантехник молодец устранить утечка вода выше по этаж мы перестать течь вода молодец,,,,,
3906380,5,спасибо большой за работа оперативность,,,,,
3906407,4,жалко при оплата счёт через банк приложение не отображаться информация о оплата приходиться загружать квитанция дополнительно подтверждать факт оплата,,,,,
3906535,5,всё быстро качественно,,,,,
3906752,5,спасибо большой жаль там уже опять намусорить,,,,,
3906789,5,спасибо теперь она закрываться,,,,,
3906922,3,можно быть сразу заявка выполнить не забывать по периметр несколько контейнер для пакет пакет кончаться быстро значит хозяин убирать за собака,,,,,
3906976,5,спасибо большой за оперативность мир процветание ваш компания самолёт,,,,,
3907117,5,выше похвала,,,,,
3907364,5,очень вежливый грамотный сотрудница большой бы такой,,,,,
3907480,5,спасибо просить загружать квитанция личный кабинет без дополнительный запрос,,,,,
3907589,5,всё прекрасно,,,,,
3907672,5,всё быстро качественно большой спасибо,,,,,
3907792,5,консультация быть провести профессионально спасибо за разъяснение рекомендация,,,,,
3907928,5,спасибо большой починить дверь зайти без проблема дверь работать отлично,,,,,
3908011,5,спасибо за работа,,,,,
3908429,5,спасибо за быстрый решение вопрос лояльность мастер подбор время,,,,,
3908490,4,спасибо за обратный связь надеяться приложение информация обновиться оплата пройти,,,,,
3908579,5,спасибо за чёткость быстрота,,,,,
3908590,5,консультация настройка прибор выполнить очень быстро качественно профессионально спасибо,,,,,
3908772,5,мастер выполнить работа быстро чисто всё отлично,,,,,
3908843,5,самый хороший ук спасибо большой за помощь за быстрый работа мгновенный выполнение,,,,,
3908929,5,очень быстро,,,,,
3909086,5,спасибо за оперативный ответ,,,,,
3909146,5,очень удобно получать электронный квитанция давно пора,,,,,
3909271,5,оперативно выполнить заявка спасибо,,,,,
3909398,5,спасибо специалист,,,,,
3909430,4,жалко заранее не предупреждать есть тот проблема сейчас мы узнать новость можно написать такой нет такой раздел про формирование квитанция заявка ук не сразу понять где написать,,,,,
3909441,5,огромный спасибо за оперативность,,,,,
3909442,5,спасибо огромный за оперативность,,,,,
3909517,5,благодарить за работа,,,,,
3909595,5,всё решить перезвонить спасибо,,,,,
3909682,5,очень быстро всё сделать,,,,,
3909787,5,всё отлично жаль для сотрудник компания дать услуга не действовать скидка,,,,,
3909863,5,очень приятный менеджер консультант который всё правильно подробно объяснять,,,,,
3909888,5,спасибо всё супер,,,,,
3910052,5,специалист прийти очень быстро всё быстро исправить спасибо,,,,,
3910060,5,всё супер вопрос решить быстро,,,,,
3910089,5,очень надеяться квитанция быть дублироваться приложение а так оперативно быстро поступить,,,,,
3910166,5,спасибо большой за быстрый реагирование,,,,,
3910233,5,спасибо девочка оператор,,,,,
3910259,5,менеджер елизавета очень быстро решить мой вопрос спасибо,,,,,
3910269,5,спасибо но придумать пожалуйста способ это избежать будущее,,,,,
3910346,5,спасибо за работа выполнить качественно срок,,,,,
3910406,5,прям молодец порадовать всё чётко,,,,,
3910434,5,алексей профессионал свой дело быстро найти проблема устранить она огромный он спасибо,,,,,
3910685,5,да подтверждать вчера вечером обнаружить устранить спасибо,,,,,
3910836,5,вопрос решить,,,,,
3910841,5,спасибо за помощь,,,,,
3910908,5,спасибо очень быстро сработать,,,,,
3910977,5,добрый день спасибо за разъяснение весь вы хороший,,,,,
3911065,5,молодец электрик оперативно решить проблема,,,,,
3911104,5,быстро аккуратно благодарить,,,,,
3911134,5,спасибо большой пусть убирать часто,,,,,
3911142,5,очень оперативно,,,,,
3911182,5,всё вежливый информативный,,,,,
3911339,5,спасибо вы за забота о мы наш здоровье экология это замечательный,,,,,
3911355,5,работа сотрудник офис ук евгения,,,,,
3911421,5,спасибо за работа всё быстро качественно,,,,,
3911514,5,спасибо большой проблема быть решить очень быстро,,,,,
3911553,5,менеджер наталья дежурный сантехник больший благодарность за оперативный решение проблема,,,,,
3911570,5,спасибо оперативно полный мера ответить мой вопрос,,,,,
3911586,5,быстро качественно устранить наш засор,,,,,
3911663,5,спасибо всё качественно профессионально,,,,,
3911763,5,быстро качественно спасибо,,,,,
3911815,5,отличный функция спасибо,,,,,
3911905,5,спасибо за выполнить работа,,,,,
3911957,5,очень оперативно благодарить,,,,,
3911983,5,оперативно чётко сделать аккуратно прибраться после работа,,,,,
3912007,5,спасибо александр за профессионализм быстрый работа,,,,,
3912121,5,всё отлично сделать быстро не дорого,,,,,
3912185,5,спасибо большой за оперативный ответ,,,,,
3912199,5,спасибо огромный менеджер по страхование евгения гущина за помощь оформление страховка настоящий профессионал свой дело исчерпывающий ответить всё интересовать вопрос,,,,,
3912225,5,оперативно профессионально спасибо,,,,,
3912227,5,специалист связываться по заявка всё починить спасибо,,,,,
3912230,5,течение час после создание заявка всё устранить спасибо,,,,,
3912246,5,ремонт выполнить,,,,,
3912277,5,быстро решить проблема спасибо,,,,,
3912521,5,работа мастер выполнить отлично проблема решиться только при личный визит ук,,,,,
3912769,5,большой спасибо оксана петрина,,,,,
3912975,5,всё оперативно спасибо,,,,,
3913158,5,добрый день спасибо вопрос решить,,,,,
3913176,5,всё быстро чётко спасибо,,,,,
3913279,5,очень ответственный девушка ук,,,,,
3913316,5,отлично всё работать,,,,,
3913442,5,благодарность мастер сделать быстро качественно премия ренат,,,,,
3913486,5,прислать вовремя заранее позвонить уточнить удобный время отличный мастер всё сделать быстро аккуратно,,,,,
3913509,5,всё чётко объяснить вопрос не остаться,,,,,
3913566,5,ну вроде хороший слава бог,,,,,
3913676,5,проблема решить быстро оперативно,,,,,
3913730,5,всё отлично спасибо,,,,,
3913971,5,очень быстро вежливый,,,,,
3913976,5,второй специалист всё отлично решить спасибо,,,,,
3914097,5,благадарить специалист,,,,,
3914189,5,очень быстро качественно спасибо,,,,,
3914351,5,спасибо большой всё сделать супер,,,,,
3914367,5,комод убрать большой спасибо за оперативный решение,,,,,
3914531,5,хотеть выразить особый благодарность татьяна за проявить интерес к мой вопрос,,,,,
3914571,5,очень быстро отреагировать устранить проблема,,,,,
3914622,5,вот теперь всё дать правильно внести спасибо,,,,,
3914767,5,спасибо за оперативный помощь,,,,,
3914795,5,спасибо ключ рабочий,,,,,
3914807,5,круто быстро спасибо,,,,,
3914918,5,быстро эффективно,,,,,
3915053,5,отличный сантехник,,,,,
3915266,5,очень оперативно спасибо,,,,,
3915342,5,оперативно благодарить,,,,,
3915543,5,быстро среагировать решить проблема спасибо,,,,,
3915644,5,быстро сделать,,,,,
3916307,5,добрый день вопрос решить очень быстро благодарить за работа оперативность,,,,,
3916394,5,всё хорошо очень доступно всё объяснить,,,,,
3916525,5,мастер всё рука спасибо большой,,,,,
3916845,5,да спасибо пока не сломать,,,,,
3917220,5,всё очень быстро качественно сделать сантехник сергей,,,,,
3917341,5,спасибо огромный,,,,,
3917445,5,большой спасибо очень внимательно клиентоориентированность высокий уровень,,,,,
3917598,5,спасибо большой за оперативный решение,,,,,
3917634,5,отличный обслуживание,,,,,
3917644,5,всё решить,,,,,
3918118,5,быстро выявить ошибка показание не стать делать убыток я позвонить я уточнить решить всё огромный спасибо вы меняться хороший сторона,,,,,
3918621,5,ключ работать,,,,,
3918647,5,спасибо большой выполнить работа быстро аккуратно,,,,,
3918748,5,всё быстро качественно договориться спасибо,,,,,
3918861,5,всё отлично спасибо большой,,,,,
3919084,5,самый вежливый работник,,,,,
3919087,5,чётко я оперативно,,,,,
3919099,5,спасибо за выписка счёт этот сумма когда подкрепить приложение,,,,,
3919231,5,достаточно быстро спасибо,,,,,
3919253,5,оперативно устранить дать консультация,,,,,
3919349,5,спасибо огромный специалист за оперативность профессионализм,,,,,
3919367,5,напор стать хороший спасибо,,,,,
3919407,5,благодарить за качественный оперативный работа сотрудник ук хороший пожелание к вы,,,,,
3919607,5,всё отлично спасибо за быстрый устранение проблема,,,,,
3919776,5,оперативно среагировать прийти большой количество строитель помочь убрать весь вода,,,,,
3919877,5,виталик молодец,,,,,
3920112,5,спасибо большой всё быстро починить спасибо за хороший работа,,,,,
3920141,5,быть протечка смеситель ванная мастер прийти течение пол час поменять прокладка вопрос решить,,,,,
3920353,5,самый хороший клиентский менеджер всегда идеально решать всё вопрос,,,,,
3920384,5,быстро устранить проблема,,,,,
3920419,5,заявка выполнить мгновенно,,,,,
3920519,5,спасибо татьяна быстро понятно всё объяснить,,,,,
3920546,5,быстрый реакция обращение данный момент протечка нет,,,,,
3920898,5,вопрос быть решить оперативно спасибо сантехник так менеджер к сожаление не спросить имя,,,,,
3920982,5,выполнить быстро качественно починить перила,,,,,
3921006,5,спасибо за оперативно отработать заявка,,,,,
3921008,5,очень грамотный специалист устранить моментально,,,,,
3921012,5,спасибо за оперативный уборка,,,,,
3921069,5,проблема решить дверь взаимодействие овд игнорировать,,,,,
3921087,5,спасибо большой очень быстро оперативно мастер классный отлично знать свой работа,,,,,
3921135,4,быть бы звезда но прийтись действовать через руководство поэтому четыре,,,,,
3921169,5,сантехник прийти течение минута вежливый проблема разрешить,,,,,
3921394,5,спасибо сегодня возвращаться домой запах не почувствовать,,,,,
3921414,5,электрик прибежать оперативно отключить сигнал пожарный тревога,,,,,
3921572,5,большой спасибо очень оперативно,,,,,
3921610,5,всё быстро оперативно спасибо,,,,,
3921850,4,проблема устранить но не сообщить по запрос сколько потребоваться время её решение,,,,,
3921888,5,спасибо за прямой связь специалист который смочь устранить неисправность,,,,,
3921907,5,проблема решить теперь всё работать надо,,,,,
3922048,5,день звонить быть занятый за руль извинить вечером прислать домой всё пересмотреть проверить ваш информация спасибо мы всё понятно всё каждый вопрос вы ответить спасибо вы большой,,,,,
3922180,5,большой спасибо всё нормально работать,,,,,
3922350,5,очень оперативно вс исправить,,,,,
3922395,5,быстро качествено оперативно,,,,,
3922415,5,отзвониться зафиксировать дежурный электрик молодец,,,,,
3922505,5,всё очень быстро сделать,,,,,
3922516,5,спасибо огромный за быстрый решение мой заявка,,,,,
3922726,5,электрик прийти всё проверить мы объяснить всё спасибо большой,,,,,
3922770,5,только положительный эмоция специалист очень ответственный огромный благодарность,,,,,
3922826,5,откусить конец сгореть ноль заменить левый автомат быть наблюдать далее,,,,,
3922849,5,мастер александр спасибо большой,,,,,
3922963,5,вежливый доброжелательный разъяснить подсказать,,,,,
3923000,5,хороший девушка менеджер очень понятливый войти положение весь житель донести это до руководство благодарить её,,,,,
3923075,5,спасибо большой за оперативность хороший день вы,,,,,
3923181,5,всё хорошо быстро прийти мастер сделать всё чётко,,,,,
3923198,5,самый главное оперативно,,,,,
3923385,5,прекрасный мастер,,,,,
3923395,5,сергей анатолиевич мастер свой дело выполнить работа быстро качественно спасибо,,,,,
3923512,5,отличный специалист вопрос решить спасибо,,,,,
3923554,5,устранить неполадка очень оперативно качественно большой спасибо,,,,,
3923598,1,сделать после тот написать наш город заявка сосед,,,,,
3923670,5,оперативно быстро спасибо сергей,,,,,
3923717,5,спасибо вы классный,,,,,
3923890,5,хороший вид,,,,,
3924204,5,благодарить за оперативный устранение проблема отдельный благодарность мастер за подробный разъяснение о причина отсутствие горячейвода приятный общение человеческий отношение,,,,,
3924205,5,спасибо большой вы за работа,,,,,
3924313,5,всё быстро оперативно,,,,,
3924411,4,вопрос решить ну мусорк снова полный можно поставить два контейнер,,,,,
3924430,5,спасибо не делать так большой или хотя бы заранее предупреждать о ранний отключение вода чтоб человек вечер успеть её набрать,,,,,
3924431,5,приехать быстро спасибо,,,,,
3924473,5,всё быстро работа выполнить,,,,,
3924568,5,спасибо отлично,,,,,
3924647,5,спасибо за быстрый реакция,,,,,
3924661,5,всё супер,,,,,
3924836,5,претензия нет,,,,,
3924911,5,спасибо большой мастер всё починить объяснить,,,,,
3925142,5,спасибо большой весь кто помочь решить данный проблема,,,,,
3925271,5,спасибо огромный петрина оксана вдадимирович из заявка только она смочь правильно ответить заявка а остальной мочь увольнять работать видно для галочка,,,,,
3925338,5,всё очень хорошо,,,,,
3925362,5,быстро чётко,,,,,
3925459,5,замечательный шутро быстро сделать молодец,,,,,
3925547,5,спасибо решить оперативно,,,,,
3925616,5,отличный специалист,,,,,
3925656,5,спасибо никита,,,,,
3925871,5,оперативно очень вежливый сантехник приятно быть общаться получить решение проблема через минута спасибо,,,,,
3926222,5,спасибо за информация,,,,,
3926410,5,очень нравиться стать поливать газон,,,,,
3926559,5,мастер супер,,,,,
3926660,5,спасибо большой за скорость,,,,,
3926685,5,спасибо дежурный сантехник,,,,,
3926847,5,сотрудник позвонить всё понятно объяснить спасибо,,,,,
3926885,5,спасибо вы татьяна хороший день,,,,,
3926964,5,благодарить ук за оперативность решение мой вопрос,,,,,
3927060,1,хорошо,,,,,
3927330,5,сотрудник супер вежливый работа выполнить,,,,,
3927378,5,спасибо очень быстро принять мера,,,,,
3927480,5,всё доступно объяснить,,,,,
3927514,5,отличный специалист всё показать рассказать объяснить,,,,,
3927621,5,отзывчивый менеджер весь спасибо за быстрота,,,,,
3927634,5,дать консультация ждать решение,,,,,
3927815,5,оперативно чётко решить вопрос благодарить,,,,,
3927826,5,всё высокий уровень,,,,,
3927965,5,спасибо включить кран,,,,,
3928090,5,хороший специалист спасибо,,,,,
3928119,5,проблема не решить но дать исчерпывающий разъяснение рекомеедация,,,,,
3928138,5,идеально,,,,,
3928192,5,спасибо большой за помощь мария решить быстро вопрос настоящий специалист,,,,,
3928288,5,всё пройти быстро спасибо сотрудник,,,,,
3928290,5,благодаря помощь анастасия быстро всё решить отличный оперативный работа,,,,,
3928297,5,быстро оперативно спасибо мастер,,,,,
3928345,5,спасибо за ваш работа,,,,,
3928349,5,всё устранить короткий срок молодец,,,,,
3928497,5,быстро качественно без лишний вопрос нюанс,,,,,
3928714,5,оперативно качественно спасибо,,,,,
3928888,5,спасибо за быстрый решение вопрос,,,,,
3929431,5,мгновенно спасибо,,,,,
3929549,5,оказаться это не авария а нюанс система водоснабжение отопление всё подробно объяснить спасибо,,,,,
3929557,5,спасибо отличный работа прекрасный коллектив,,,,,
3929624,5,спасибо оперативно устранить проблема,,,,,
3929881,5,быстро понятно спасибо,,,,,
3929910,5,вопрос решить,,,,,
3929918,4,спасибо за проявить участие инциатив,,,,,
3929997,5,хоть заявка быстро отреагировать,,,,,
3930019,5,заменить,,,,,
3930202,5,спасибо большой за оперативный реагирование устранение неисправность,,,,,
3930255,5,большой спасибо за оперативность решение вопрос,,,,,
3930387,5,грамотный специалист,,,,,
3930751,5,электрик быстро прийти всё устранить спасибо очень довольный работа,,,,,
3930767,5,спасибо за оперативность желательно проверить другой столб освещение,,,,,
3930838,5,супер оперативно,,,,,
3930866,5,быстро умтранить,,,,,
3930927,5,оперативно качественно мастер решить проблема огромный спасибо он,,,,,
3931016,5,быстро исправить спасибо,,,,,
3931695,5,благодарить за помощь,,,,,
3932129,5,оперативно аккуратно удобный время,,,,,
3932312,5,быстро обработать заявка спасибо за оперативность,,,,,
3932459,5,молодец спасибо,,,,,
3932495,5,всё сделать отлично,,,,,
3932575,5,хороший мастер сделать всё быстро,,,,,
3932622,3,проблема решить после тот сходить офис разьяснить палец,,,,,
3932847,5,работа выполнить краткий срок благодарить,,,,,
3932946,5,мастер прийти следующий день ответить всё вопрос выдать рекомендация по устранение проблема спасибо,,,,,
3932950,5,всё сделать очень быстро спасибо большой,,,,,
3932971,5,при личный общение быть решить всё вопрос полный взаимопонимание отлично выполнить работа,,,,,
3933019,5,всё супер,,,,,
3933123,5,спасибо всё оперативно сделать,,,,,
3933159,5,спасибо отреагировать очень быстро,,,,,
3933243,5,очень быстро отреагировать посмотреть далёкий быть,,,,,
3933289,5,здравствуйте спасибо геннадий за работа всё проверить решить работа просьба если ранее вопрос не решить то не закрывать заявка просто так а передавать информация специалист указанный сфера,,,,,
3933331,5,благодарить за оперативный решение ответственный сотрудник держать я курс выполнение заявка за он отдельный спасибо очень клиентоориентировать подход спасибо,,,,,
3933799,5,вауа супер спасибо,,,,,
3933980,5,наконец то спасибо,,,,,
3934049,5,огромный спасибо очень помочь быстро профессионально,,,,,
3934120,5,всё нормально спасибо,,,,,
3934243,5,спасибо огромный татьяна вопрос решиться очень оперативно чётко,,,,,
3934485,5,спасибо оператор деж аварийный смена за оперативный работа,,,,,
3934520,1,проблема решить временно надеяться люк поменять,,,,,
3934549,5,отреагировать оперативно проблема решить исправить по звонок телефон,,,,,
3934613,5,ольга птушкина очень быстро грамотно решить наш вопрос большой спасибо,,,,,
3934650,5,спасибо за обратный связь,,,,,
3934651,5,очень оперативно внести дать по поверка,,,,,
3934695,5,спасибо вы большой быстро среагировать,,,,,
3934911,2,решиться сам себя,,,,,
3934913,5,сантехник очень быстро отключить вода а сварщик очень быстро качественно устранить проблема вновь надеяться большой не увидеться,,,,,
3934970,5,быстро среагировать,,,,,
3935103,5,всё сделать течение час спасибо,,,,,
3935268,5,большой спасибо я оперативно всё сделать,,,,,
3935291,5,спасибо за фотоотчёт,,,,,
3935478,5,спасибо большой свет сделать,,,,,
3935483,5,быстро отреагировать пятёрка спасибо,,,,,
3935575,5,мастер свой дело,,,,,
3935602,5,отличный сантехник спасибо за работа,,,,,
3935655,5,замечание устранить,,,,,
3935801,5,оперативно исправить неполадка спасибо,,,,,
3935871,5,огромный благодарность за оперативный корректный решение мой вопрос,,,,,
3935906,5,супер спасибо большой,,,,,
3936198,5,татьяна супер сотрудник оперативно решать всё вопрос касательно аренда парковочный место пригород лесной татьяна максимально ответственный отзывчивый человек хороший сотрудник управлять компания по мой личный мнение,,,,,
3936258,5,реагировать быстро отключить сигнализация пожарный тревога спасибо огромный,,,,,
3936309,5,спасибо проверить пеекрасный работа,,,,,
3936353,5,спасибо оперативно,,,,,
3936497,3,ответить быстро но увы ничего не смочь сделать,,,,,
3936508,5,спасибо за быстрый устранение проблема,,,,,
3936546,5,здравствуйте большой спасибо дежурный диспетчер перезвонить течение минута от подача заявка благодарить за сотрудничество уважение ю п,,,,,
3936571,5,чётко понятно спасибо,,,,,
3936715,5,спасибо оператор умничка,,,,,
3936835,5,спасибо большой проблема мастер решить быстро качественно,,,,,
3936898,5,спасибо валерий всё исправить теперь дом тишина спокойствие,,,,,
3936999,5,лифт работать спасибо,,,,,
3937078,5,спасибо оперативно качественно,,,,,
3937325,5,специалист приехать быстро спустить грузовой застрять лифт этаж освободить человек большой спасибо,,,,,
3937478,5,ольга большой спасибо хороший день,,,,,
3937801,4,надпись убрать но внешний вид панель щит испортить остаться царапина,,,,,
3937869,5,всё решить оперативно,,,,,
3938059,5,работа непосредственно по замена сливной фурнитура ванна выполнить быстро качественно а вот согласование работа процесс бесконечный к сожаление не польза собственник хорошо удаться достигнуть консенсус,,,,,
3938452,4,устранить быстро хотеться бы заметить целое недостаток крепление проектирование когда металлический дверь доводчик крепиться обычный самореза по кол ву дырка от старый место видно сам по себя методика крепление не продумать самореза металл слабо жить решение недолгий жизненный цикл,,,,,
3938472,5,очень быстро ответить,,,,,
3938558,5,мастер достаточно быстро решить наш вопрос надо быть повернуть направление регулятор температура батарея отопление другой сторона после выполнение работа аккуратно всё протереть приятно большой спасибо,,,,,
3938590,5,всё оперативно качественно,,,,,
3938597,5,всё быть сделать быстро профессионально,,,,,
3938642,5,хороший сотрудник приятно общаться получать ответ всё вопрос,,,,,
3938725,5,очень быстро оперативно ответить спасибо,,,,,
3938879,5,спасибо мастер за оперативность,,,,,
3938894,5,спасибо быстро ответить,,,,,
3939087,5,спасибо большой вы за качественный работа,,,,,
3939089,5,спасибо вы за понимание,,,,,
3939235,5,очень приятный инженер,,,,,
3939342,5,благодарить за починка лифт работать,,,,,
3939350,5,оперативно сделать спасибо,,,,,
3939447,5,быстро чётко спасибо,,,,,
3939683,5,спасибо большой за уборка,,,,,
3939792,5,молодец даже наслать время проконсультировать,,,,,
3939998,5,молодец большой спасибо оксана,,,,,
3940096,5,супер теперь кнопка светиться,,,,,
3940214,5,очень оперативно спасибо огромный,,,,,
3940375,5,прислать окно подкрутить быстро,,,,,
3940395,5,спасибо поставить теперь ждать отопление чтоб понять работать или нет,,,,,
3940684,5,спасибо вы за работа,,,,,
3940717,5,быстро для подъезд вполне хорошо,,,,,
3940757,5,спасибо всё понятно благодушно разъяснить,,,,,
3940842,5,быстро устранить,,,,,
3940861,5,мастер всё сделать быстро всё отлично работа довольный,,,,,
3940903,5,спасибо за оперативный обратный связь,,,,,
3940995,5,спасибо за грамотный специалист,,,,,
3941055,5,отличный специалист максим луговой,,,,,
3941141,5,большой спасибо всё сделать,,,,,
3941162,5,отличный работа очень профессиональный вежливый сотрудник,,,,,
3941310,5,быстро сработать позвонить сказать всё хорошо ложный тревога,,,,,
3941386,5,быстро оперативно демонтировать замок,,,,,
3941457,5,оперативно благодарить,,,,,
3941503,5,большой спасибо сантехник,,,,,
3941548,5,супер быстро помочь по телефон помочь всё решить отлично,,,,,
3941672,5,лифт снова работать заявка исполнить очень быстро,,,,,
3941724,5,если бы не сотрудник ук никита уборщица бы никогда нормально не помыть мы этаж,,,,,
3941762,5,проблема устранить достаточно оперативно,,,,,
3941800,5,спасибо сотрудник ук никита благодаря он мы нормально помыть этаж спасибо большой,,,,,
3941819,5,вопрос нет молодец супер оперативно,,,,,
3941927,5,всё пройти отлично заранее позвонить предупредить о приход сделать всё быстро вежливый разуться хотя я говорить не нужно у мы пыльно спасибо,,,,,
3941951,5,благодарить от имя ребёночек они родитель,,,,,
3942001,5,отлично спасибо большой,,,,,
3942424,5,оперативно мастер подойти всё неполадка устранить мастер тактичный молодой человек спасибо,,,,,
3942447,5,исправить,,,,,
3942595,5,благодарить за оперативность хороший день,,,,,
3942634,5,оперативно решить вопрос спасибо,,,,,
3942777,5,замечательный мастер,,,,,
3942812,5,скорость супер,,,,,
3942818,5,быстро проучить,,,,,
3942831,5,роман он коллега супер специалист,,,,,
3942841,5,спасибо большой мария,,,,,
3942887,5,огромный спасибо за помощь проделать вы работа,,,,,
3943072,5,большой спасибо ольга очень помочь ответить всё вопрос,,,,,
3943196,5,выполнить отлично,,,,,
3943364,5,спасибо за быстрый реагирование заявка,,,,,
3943589,5,всё работать спасибо,,,,,
3943607,5,супербыстро спасибо,,,,,
3943634,5,огромный спасибо сантехник геннадий за качественно оказать услуга профессионализм приятно иметь дело такой человек,,,,,
3944008,5,спасибо вопрос решить сжатый срок быть предоставить обратный связь,,,,,
3944164,5,электрик снять показание быть ждать ответ,,,,,
3944488,5,спасибо огромный за понимание,,,,,
3944509,5,течь устранить,,,,,
3944648,5,спасибо за проверка за обратный звонок разъяснение,,,,,
3944742,5,спасибо но можно убирать регулярно без заявка,,,,,
3944810,5,быстро оперативно,,,,,
3944861,5,оперативно решить проблема,,,,,
3944876,5,всё быстро оперативно,,,,,
3944996,5,спасибо большой всё отлично,,,,,
3945026,5,всё быстро срок спасибо,,,,,
3945035,5,очень добрый женщина,,,,,
3945081,5,спасибо вы большой,,,,,
3945243,4,небольшой неточность консультация нужно набрать код от домофон нажать колокольчик панель иначе домашний подъезд не пропускать,,,,,
3945310,5,супер специалист,,,,,
3945582,5,выполнить быстро но хотеться бы чтобы это не происходить,,,,,
3945698,5,всё рассказать объяснить,,,,,
3945720,5,спасибо большой всё отлично,,,,,
3945746,5,всё оперативно быстро спасибо,,,,,
3945794,5,спасибо удивление вопрос быть решить быстро оперативно,,,,,
3945901,5,решить ситуация быстро спасибо,,,,,
3946019,5,спасибо большой всё выполнить быстро качественно,,,,,
3946026,5,андрей всё сделать хорошо,,,,,
3946274,5,да спасибо теперь лифт заработать,,,,,
3946414,5,специалист прекрасно выполнить работа благодарный за отзывчивость большой бы такой сотрудник,,,,,
3946690,5,быстро решить проблема,,,,,
3946716,5,очень оперативно справиться,,,,,
3946729,5,спасибо очень быстро отреагировать,,,,,
3946768,5,всё сделать оперативно мастер воронков сергей сделать всё быстро,,,,,
3946799,5,очень оперативно решить проблема,,,,,
3946853,5,всё хорошо спасибо,,,,,
3946899,5,добрый день работа исполнить благодарить,,,,,
3946934,5,спасибо татьяна весь информация обновить,,,,,
3947311,5,очень подробно большой спасибо за консультация,,,,,
3947432,5,огромный спасибо сергей,,,,,
3947727,5,отзывчивый приятный готовый быть сразу оформить акт но ещё раз проверить сушилка обнаружить сто есть кнопка включение,,,,,
3947806,5,спасибо наш ук есть такой специалист причина отсутствие электричество быть найти сразу быстро устранить,,,,,
3947834,5,большой спасибо за робот,,,,,
3947929,5,прекрасно выполнить работа получить ценный рекомендация будущее спасибо,,,,,
3947984,5,быстро отключить пожарный вытяжка,,,,,
3948043,5,потрясающе,,,,,
3948159,5,сделать всё быстро качественно,,,,,
3948185,5,быстро приехать мастер составить акт,,,,,
3948217,5,спасибо татьяна,,,,,
3948226,5,супер мег оперативно спасибо,,,,,
3948403,5,отличный работа мастер быстро качественно,,,,,
3948418,5,большой спасибо за своевременный обратный связь всё чётко объяснить культурно,,,,,
3948436,5,отличный мастер большой спасибо за помощь,,,,,
3948528,5,благодарить за оперативность понимание,,,,,
3948632,5,спасибо большой за оперативность качество,,,,,
3948735,5,спасибо решить свой проблема а то то не очень платить вовремя а ты про долг писать,,,,,
3948738,5,разобраться спасибо,,,,,
3948958,5,мастер быстро прийти быстро понять проблема быстро устранить её общий всё отлично спасибо,,,,,
3949033,5,работа выполнить отлично быстро качественно спасибо большой,,,,,
3949214,5,спасибо молодец,,,,,
3949304,5,спасибо за быстрый качественный решение вопрос,,,,,
3949394,5,всё отлично специалист прийти через минута после заявка всё оперативно починить,,,,,
3949561,5,спасибо огромный но уборка лифт это временной решение проблемма потому они гадить систематически просьба выявить наказать нарушитель,,,,,
3949596,5,мастер самый хороший спасибо вы огромный за такой сотрудник,,,,,
3949613,5,спасибо так быстро сделать красивый светодиодный лампа поставить,,,,,
3949687,5,оперативно отреагировать заявка устранить,,,,,
3949875,5,добрый день спасибо за такой прекрасный сотрудник,,,,,
3949884,5,спасибо за оперативность после укладка плитка остаться незаделать шов стык для сравнение этаж холл шов ровно закрытый просьба завершить работа до конец,,,,,
3950162,5,заявка выполнить слово электрика заявка выполнить квартира собственник не быть там не проживать,,,,,
3950433,5,мастер прийти быстро всё быстро сделать,,,,,
3950683,5,огромный спасибо максимально быстро качественно просто сотрудник месяц,,,,,
3950754,5,спасибо вы большой за оперативность качество,,,,,
3950893,5,вот это скорость спасибо,,,,,
3951189,5,шикарный специалист спасибо за отличный работа скорость,,,,,
3951598,5,первый раз так быстро,,,,,
3951714,5,добрый утро спасибо только больший просьба ранее это светильник мы менять лампочка так к не быть лампочка цоколь мы ставить переходник вернуть он пожалуйста,,,,,
3952062,5,оперативно качественно,,,,,
3952142,5,остановить течь дать рекомендация делать далёкий большой спасибо,,,,,
3952250,5,оперативно вежливый такой нет москва,,,,,
3952354,5,спасибо за оперативность но я так не понять почему редуктор мы поставить плохой когда весь менять,,,,,
3952439,5,спасибо большой сантехник быстро устранить засор,,,,,
3952649,5,огромный спасибо за оперативность,,,,,
3952848,5,приехать быстро всё сделать чётко благодарить,,,,,
3953130,5,вода стать тёплый,,,,,
3953192,5,спасибо большой мастер всё быстро сделать,,,,,
3953263,5,спасибо за быстрый качественный работа,,,,,
3953366,5,всё подробно показать объяснить спасибо,,,,,
3953752,5,спасибо за разъяснение,,,,,
3953818,5,сантехник объяснить причина проблема для хороший напор вода нужно менять смеситель картридж теперь понятно спасибо,,,,,
3953824,5,быстро чётко,,,,,
3954582,5,отличный мастер решить профессионально вопрос большой спасибо,,,,,
3954839,5,спасибо вы большой консультант помочь решение проблема объяснить всё очень доступно спасибо вы огромный,,,,,
3955070,5,супер менеджер,,,,,
3955195,5,спасибо большой за быстрый реакция успокоить,,,,,
3858246,1,кнопка лифт этаж грузовой лифт до сей пора не работать,,,,,
3861485,1,кнопка всё вываливаться,,,,,
3862765,1,быть верить действительно травить,,,,,
4237692,5,быстро прислать код единственный смущать код лёгкий слишком,,,,,
4237302,5,спасибо быстро оперативно закрепить светильник,,,,,
4237239,5,всё быстро решить спасибо,,,,,
4237163,5,оперативный решение вопрос спасибо,,,,,
4237053,5,благодарить за оперативный предоставление информация,,,,,
4236894,5,всё прекрасно оперативно но акт хотеться бы получить,,,,,
4236872,5,всё отлично большой спасибо,,,,,
4236740,5,спасибо за оперативность супер,,,,,
4236551,5,спасибо за быстрый ответ всё понятно объяснить,,,,,
4236530,5,молниеносно,,,,,
4236469,5,большой спасибо за оперативный ответ,,,,,
4236406,5,всё отлично сантехник оперативно прийти при я всё устранить видно спец свой дело,,,,,
4236382,5,оперативно профессионально всё устранить спасибо,,,,,
4236102,5,мастер молодец,,,,,
4235894,5,специалист выйти связь по заявка достаточно быстро консультация уже не требоваться муж справиться задача самостоятельно,,,,,
4235790,5,добросовестный мастер виктор,,,,,
4235478,5,к сожаление протечка всё равно есть небольшой нужно менять гайка,,,,,
4235471,5,батарея опять остыть то идти не так почему заявка закрытый,,,,,
4235354,5,всё отлично сделать тот де день спасибо,,,,,
4235110,5,не понимать можно отрапортовать работа выполнить когда скрипеть дверь хлопать так всё остаться без изменение,,,,,
4234433,5,благадарить вы за оказать услуга,,,,,
4234406,5,спасибо антон за грамотность свой работа,,,,,
4234317,5,вопрос не решить,,,,,
4234085,5,спасибо дмитрий прийти оперативно всё сделать,,,,,
4233842,5,спасибо за оперативный решение заявка,,,,,
4233795,5,здравствуйте я нужный подтверждение оплата а не квитанция прислать пожалуйста,,,,,
4233537,5,вопрос за декабрь сумма более так р из за такой больший разница,,,,,
4233528,5,быстро слово сантехника всё сделать,,,,,
4233496,5,мастер прийти быстро пломба тоже поставить быстро спасибо,,,,,
4233386,5,по сам консультация вопрос нет а вот то при обновление приложение слетать настройка нехорошо,,,,,
4233334,5,а я получить схема от застройщик я бояться повредить проводка розетка выключатель при монтаж,,,,,
4233035,5,оперативно прислать выполнить осмотр составить акт всё интересовать вопрос ответить благодарить,,,,,
4233009,5,всё хорошо быстро,,,,,
4232957,5,мастер молодец быстро всё качественно сделать,,,,,
4232822,5,оперативно восстановить элетроэнергия,,,,,
4232820,5,довольно быстро ликвидировать отсутствие электричество,,,,,
4232446,5,вежливый специалист,,,,,
4232359,5,кирилл спасибо позвонить разъяснить нет такой ограничение у мы,,,,,
4232163,5,ответ вопрос предоставить,,,,,
4232155,5,сантехник валерий объяснить всё по телефон пока проблема нет,,,,,
4232114,5,быстро оперативно спасибо,,,,,
4232099,5,спасибо дать сотрудник,,,,,
4231772,5,звонок не поступать при звонок,,,,,
4231359,5,спасибо за быстрота,,,,,
4231245,5,специалист оперативно устранить поломка очень довольный благодарить за оперативность специалист выписать премия,,,,,
4231128,5,быстро отреагировать достаточно быстро устранить течь вечером сантехник ещё раз прийти удостовериться всё порядок спасибо,,,,,
4231026,5,да спасибо дверь починить,,,,,
4230799,5,спасибо счётчик заработать,,,,,
4230769,5,отличный работа быстро качественно аккуратно спасибо большой,,,,,
4230424,5,счёт р всё ещё личный кабинет,,,,,
4230360,5,спасибо за оперативность всё настроить,,,,,
4230075,5,вчера я сказать несколько диспетчер заявка не быть о протечка мой жк,,,,,
4229868,5,всё оперативно исправить молодец,,,,,
4229707,5,прилья быстро спасибо,,,,,
4229497,5,спасибо большой оперативно помочь решить вопрос,,,,,
4229412,5,оперативно решить вопрос,,,,,
4229330,5,около спасибо,,,,,
4229242,5,хороший мужчина консультировать,,,,,
4229169,5,очень удобно,,,,,
4229078,5,спасибо большой уважение евгений,,,,,
4228897,5,сантехник приехать оперативно устранить протечка смеситель спасибо,,,,,
4228815,5,спасибо вы,,,,,
4228768,5,специалист отличный вежливый быстро сделать я очень довольный,,,,,
4228524,5,всё работать надо спасибо,,,,,
4228491,5,быстро решить проблема электрик прислать почти сразу после заявка спасибо большой,,,,,
4228481,5,здравствуйте спасибо огромный специалист за быстрый ответ решение наш проблема,,,,,
4228457,5,спасибо мастер всё быстро сделать,,,,,
4228411,5,оперативно быстро супер всегда бы так,,,,,
4228313,5,устный разрешение установка кодовый замок получить после установка сообщить код управлять компания спасибо,,,,,
4228280,5,детализация предоставить быть закащана просьба выдать всё месяц год,,,,,
4227944,5,слишком часто ломаться лифт,,,,,
4227915,5,всё замечательный,,,,,
4227850,5,спасибо большой за помощь решение вопрос,,,,,
4227759,5,этот раз быстро отключить спасибо,,,,,
4227554,5,оценка за оперативность отлично за уборка хорошо спасибо,,,,,
4227480,5,приходить ук я сказать за деньга купить себя новый ключ какой основание выдать не рабочий теперь платить за домофон я ещё ключ должный покупать сосед дать бесплатно,,,,,
4227035,5,огромный спасибо вопрос быть решить быстро специалист профессионал свой дело,,,,,
4226978,5,починить,,,,,
4226802,5,спасибо быстро отреагировать проблема решить,,,,,
4226768,5,спасибо большой оперативно,,,,,
4226734,5,приятно удивить вопрос решиться менее за сутки спасибо так красиво теперь ничего не отравлять воздух не портить вид,,,,,
4226718,5,всё прекрасно спасибо,,,,,
4226706,5,спасибо всё быстро устранить,,,,,
4226692,5,здорово подсказать не за бы сам не догадаться,,,,,
4226652,5,спасибо куприянов,,,,,
4226636,5,спасибо большой есть специалист ук который небезразличный спасибо куприянов,,,,,
4226465,5,сам устранить,,,,,
4226443,5,быстро исправить причина шум щиток спасибо за оперативность,,,,,
4226268,5,спасибо большой за разъяснение теперь всё ясно понятно,,,,,
4226175,5,оперативно отреагировать быстро сделать спасибо,,,,,
4226089,5,спасибо сказать пожалуйста андроид откуда можно скачать данный приложение не получаться писать не поддерживаться,,,,,
4225989,5,спасибо за скорость работа,,,,,
4225811,5,стул привезти а зеркало нет,,,,,
4225753,5,сантехник прийти всё сделать,,,,,
4225724,5,спасибо александр всё оперативно выполнить очень внимательно уважительно исполнить заказ,,,,,
4225635,5,спасибо ждать перерасчёт,,,,,
4225626,5,очень оперативно решить вопрос спасибо,,,,,
4225575,5,красавчег,,,,,
4225435,5,спасибо всё устранить,,,,,
4225170,5,прислать очень оперативно,,,,,
4225103,5,мы сам устранить,,,,,
4225040,5,отличный аккуратный специалист,,,,,
4225032,5,всё быть сделать быстро качественно огромный спасибо мастер,,,,,
4224936,5,супер мастер,,,,,
4224874,5,мерси,,,,,
4224703,5,спасибо большой за решение вопрос,,,,,
4224664,5,спасибо всё исправить,,,,,
4224554,5,спасибо всё понять,,,,,
4224482,5,жаль не первый раз звонок,,,,,
4224118,5,просьба очищать своевременна не дожидаться заявка,,,,,
4224033,5,мастер отключить колонка оповещение от сеть пищать перестать но оповещать не быть,,,,,
4224005,5,наслать причина,,,,,
4223977,5,оперативно удобно,,,,,
4223959,5,всё отлично выявить проблема,,,,,
4223869,5,спасибо большой всё очень оперативно приятно когда мы слышать понимать весь добрый,,,,,
4223859,5,весь ночь стоять палета стеллаж у подъезд,,,,,
4223800,5,ответ вопрос нет,,,,,
4223719,5,благодарить вы,,,,,
4223661,5,сантехник прийти день о обращение вопрос решить место спасибо за оперативность,,,,,
4223587,5,быстро спасибо,,,,,
4223388,5,оперативно заменить опломбировать спасибо,,,,,
4223285,5,классно,,,,,
4223272,5,ремонтный работа по дать заявка выполнить полный объём краткий срок,,,,,
4223241,5,всё сделать хорошо быстро,,,,,
4223153,5,я нужно присутствовать при съём контрольный показание счётчик всё коридор возможно вызов выход день,,,,,
4223142,5,быстро оперативно помочь решить вопрос,,,,,
4223029,5,спасибо быстро освободить,,,,,
4222957,5,электрик смочь настроить свет коридор удалённый помощь отключение электричество квартира правда после это снова отвалиться интернет снова пятница прийти монтажник настраивать роутер а после прошлое посещение монтажник свет коридор закончиться,,,,,
4222777,5,тяп ляп ну ладный тут везде так,,,,,
4222690,5,спасибо видеть счётчик приложение,,,,,
4222643,5,сергей настоящий профи всё чётко по дело очень рада именно он достаться наш заявка спасибо,,,,,
4222607,5,очень вежливый контактный мастер только положительный впечатление от подход к работа она выполнение,,,,,
4222565,5,а кто заявка подавать я не подвал или это автоматически,,,,,
4222446,5,профессионал всё решить,,,,,
4222362,5,спасибо мастер за работа,,,,,
4222340,5,сантехник андрей качественно выполнить свой работа,,,,,
4222299,5,быстрый решение спасибо руслана,,,,,
4222276,5,всё отлично решить всё,,,,,
4222274,5,не вписать ещё один человек,,,,,
4222082,5,спасибо за быстрый решение,,,,,
4222023,5,спасибо большой за помощь,,,,,
4221927,5,очень часто ломаться,,,,,
4221917,5,спасибо очень быстро решить вопрос по заявка,,,,,
4221772,5,где можно посмотреть прайс услуга ваш электрик за инкогнито цена который я потом озвучивать,,,,,
4221569,5,надо то делать родитель говорить большой не прийти гость потому лифт постоянно не работать,,,,,
4221567,5,ну надо то делать быть далёкий если постоянно лифт выходить из строй,,,,,
4221565,5,давать уд чинить грузовой лифт он про отключить не чинить очередь га лифт пассажирский лифт ломаться раз два день делать уже нибыть,,,,,
4221447,5,быстро отреагировать,,,,,
4221334,5,снять один звезда за молчаливый закрытие заявка а так действительно прийти домой свет уже быть,,,,,
4221099,5,не отображаться счёт оплата,,,,,
4221077,5,большой спасибо всё починить очень оперативно,,,,,
4220856,5,благодарить ростислав быстро качественно заменить резинка манжета стиральный машина,,,,,
4220642,5,прекрасный мастер всё оперативно решить благодарить,,,,,
4220445,5,здравствуйте когда быть видный оплата платить по реквизит,,,,,
4220372,5,спасибо за оперативность за быстрый обратный связь,,,,,
4220321,5,сегодня после обед быть по дать адрпес просить электрика связаться я,,,,,
4220220,5,быстро оперативно сотрудник прибыть по таймер спасибо,,,,,
4220012,5,долго ехать сигнализация орало несколько час невозможно нормально работать жить когда под ухо без перерыв несколько час голосить сигнализация,,,,,
4219996,5,благодарить вопрос быть оперативно решить,,,,,
4219789,5,всё чётко сделать,,,,,
4219754,5,доводчик заменить тот же день спасибо,,,,,
4219670,5,быстро качественно,,,,,
4219646,5,счёт оплатить квитанция выслать вы чат,,,,,
4219625,5,оперативно всё исправить,,,,,
4219518,5,спасибо мастер починить всё быстро профессионально поставить новый доводчик дверь теперь закрываться теплопотеря нет,,,,,
4219489,5,спасибо большой услышать убрать возле мусор теперь хоть рядом банк бросать не быть человек мусор,,,,,
4219427,5,за оперативность спасибо большой,,,,,
4219422,5,огромный спасибо специалист,,,,,
4219378,5,электрик всё отлично объяснить помочь устранить проблема очень профессионально молодец,,,,,
4219364,5,хоть фото не это место но подтверждать работа выполнить главное выполнить оперативно,,,,,
4219359,5,быть бы удобный если сразу дать ссылка или название раздел где этот заявка оформить потому приложение очень неудобно искать где подать этот заявка чёрт нога сломить,,,,,
4219271,5,спасибо оперативно получить по электронный почта,,,,,
4219270,5,благодарить за быстрый ответ,,,,,
4219268,5,большой спасибо за оперативный работа,,,,,
4219232,5,мой ошибка,,,,,
4219218,5,оперативно большой спасибо,,,,,
4219139,5,зеркало не быть подключить к проводка поить замена прошлый год теперь делать не известно завести новый заявка замена зеркало,,,,,
4218988,5,просить перенести урна от подъезд чтобы у человек не быть собоазный поставить туда свой бытовой мусор,,,,,
4218908,5,электрик справиться проблема за минута молодец,,,,,
4218859,5,очень оперативно решить проблема восстановить освещение холл,,,,,
4218817,5,большой спасибо быстро исправить,,,,,
4218759,5,лифт работать,,,,,
4218754,5,большой спасибо очень быстро исправить,,,,,
4218747,5,ответ получить один вопрос из два второй вопрос просто проигнорировать,,,,,
4218724,5,замечательный сантехник который правда помогать очень приятный воспитанный мужчина,,,,,
4218607,5,большой спасибо всё работать,,,,,
4218476,5,ничего не выполнить не писать х подобный бардак ук пригород видеть впервые,,,,,
4218453,5,спасибо большой электрик,,,,,
4218409,5,сделанно не аккуратно торчать резинка,,,,,
4218310,5,подача тепло возобновиться короткий срок,,,,,
4218282,5,благодарить за оперативность провести работа,,,,,
4218253,5,прогресс,,,,,
4218135,5,оперативно провести консультация проблема быть устранить огромный спасибо,,,,,
4218027,5,спасибо большой оперативно устранить течь по стояк ванная,,,,,
4218008,5,сумма который я должный заплатить за коммунальный услуга сохраниться рубль когда дать сумма уменьшиться перенести рубль,,,,,
4218004,5,какой акт выполнить работа мы должный предоставить ремонт делать сам,,,,,
4217998,5,спасибо вы огромный,,,,,
4217911,5,я звонить сообщить я нужный перерасчёт так декабрь пройти оплата сумма большой оплата,,,,,
4217635,5,спасибо за быстрый реакция решение проблема,,,,,
4217631,5,быстро отреагировать спасибо,,,,,
4217568,5,а можно фото акт скинуть,,,,,
4217525,5,спасибо валерий всё сделать хорошо маленький минус долго идти быть бы течь более сильный то за час но я думать это проблема обработка заявка он не сразу передать принять внимание плохо нет прямой аварийный телефон непосредственно живить рыбацкий звонить через десятый рука,,,,,
4217490,5,отлично так бы по весь сервис исполняться бы чётко быстро,,,,,
4217486,5,очень отзывчивый профи свой дело,,,,,
4217417,5,очень удобный сервис но пока ещё выяснять,,,,,
4217383,5,за ноябрь оплата быть куда мочь выслать подтверждать документ,,,,,
4217322,5,спасибо игорь,,,,,
4217286,5,спасибо большой всё сделать отлично,,,,,
4217169,5,супер быстро,,,,,
4217145,5,всё убрать спасибо,,,,,
4217093,5,качественно быстро,,,,,
4216980,5,установить быстро хорошо спасибо,,,,,
4216813,5,спасибо так быстро починить дверь,,,,,
4216758,5,очень понравиться работа игорь,,,,,
4216642,5,отлично быстро отреагировать всё работать,,,,,
4216360,5,сделать спасибо,,,,,
4216283,5,заявка не выполнить грязь дорога ещё большой,,,,,
4216224,5,электрик молодец,,,,,
4216172,5,спасибо техника дмитрий за помощь,,,,,
4216104,5,выражать огромный благодарность мастер электрик за проделать работа профессионал свой дело щепетильный проверить всё возможный вариант неполадка найти устранить причина замыкание ещё раз большой спасибо,,,,,
4216092,5,отрегулировать оперативно вопрос решить но очень дорого когда регулировка равный половина стоимость регулятор давление вода,,,,,
4215839,5,спасибо за оперативность сотрудник устранить проблема,,,,,
4215769,5,спасибо значит гулом труба можно бороться действительно стать тихо если проблема возникнуть опять быть много заявка,,,,,
4215754,5,потрясать сантехник спасибо,,,,,
4215731,5,спасибо оперативно починить,,,,,
4215665,5,спасибо всё работать до вчерашний день,,,,,
4215603,5,спасибо вы прекрасный,,,,,
4215565,5,спасибо инженер быстро оперативно работать хоть кто то этот компания ответственный человек,,,,,
4215449,5,личный кабинет так указать не верный счётчик неверный показание,,,,,
4215446,5,выдать александр премия,,,,,
4215416,5,большой спасибо оперативно подклый электричество,,,,,
4215184,5,мочь ли быть причина срабатывание пожарный сигнализация курение квартира регулярно слышать запах сигарета который проникать квартира по вентиляция,,,,,
4215126,5,супер оперативно спасибо,,,,,
4215074,5,всё отлично оперативно спасибо,,,,,
4215062,5,откликнуться быстро оперативно,,,,,
4215045,5,теперь всё норма,,,,,
4215012,5,спасибо за оперативный реагирование,,,,,
4214866,5,спасибо стараться исправить быстро но увы,,,,,
4214790,5,устранить спасибо,,,,,
4214752,5,благодарить наконец то устранить проблема,,,,,
4214749,5,прислать очень быстро,,,,,
4214634,5,спасибо ответ быть предоставить оперативно,,,,,
4214606,5,работа выполнить быстро проблема решить,,,,,
4214605,5,общий корридора площадка этаж не убрать есть камера видеонаблюдение,,,,,
4214518,5,спасибо за исправление,,,,,
4214480,5,быстро оформить заявка быстро прислать сантехник,,,,,
4214387,5,огромный спасибо мастер за профессионализм,,,,,
4214336,5,быстро выполнить заявка,,,,,
4214193,5,очень быстро очень приятный человек,,,,,
4214096,5,отреагировать быстро устранить неисправность,,,,,
4214081,5,фасад очистить а виновник искать не стать,,,,,
4213959,5,очень благодарный компетентный сотрудник грамотный разъяснение мой вопрос,,,,,
4213825,5,всё исправить спасибо,,,,,
4213810,5,спасибо всё чётко быстро,,,,,
4213768,5,отзывчивый девочка решить проблема быстро очень довольный,,,,,
4213725,5,огромный спасибо за молниеносный решение проблема,,,,,
4213715,5,пломба сорвать шкаф распашка прошлый раз шланг украсть,,,,,
4213696,5,ольга когда парковка достроить,,,,,
4213590,5,девочка просто молодец,,,,,
4213476,5,жить тут не долго но пока вы хороший ук спасибо за быстрый регирование проблема хороший день,,,,,
4213472,5,ребята молодец спасибо огромный всё устранить,,,,,
4213443,5,проблема повторяться очень часто вопрос не решаться не устраняться причина остановка лифт практически каждый день ездить лифт небезопасно,,,,,
4213418,5,спасибо устранить течь быть бы ещё приятный если бы не прийтись ругаться особенно сантехник ждать сутки пока отключить вода начать то предпринимать,,,,,
4213414,5,выяснить причина прийти отличный мастер сделать всё за минута,,,,,
4213295,5,много время пройти момент обращение,,,,,
4213243,5,отличный мастер плюс,,,,,
4213235,5,супруг ребёнок к сосед заслать так свет не быть спасибо,,,,,
4213156,5,всё починить,,,,,
4213024,5,всё ясно,,,,,
4213020,5,всё понятно,,,,,
4213012,5,прийти очень хороший мужчина всё объяснить нужно сделать,,,,,
4213001,5,перевести окно зимний режим дуть стать немного маленький но не перестать составить акт сказать передать застройщик,,,,,
4212816,5,да выполнить благодарить за оперативность,,,,,
4212739,5,здравствуйте быть услышать специалист проблема решить теч ой минута срасибо,,,,,
4212726,5,очень профессиональный компетентный сотрудник вежливый грамотный помочь решить всё вопрос по заявка,,,,,
4212598,5,квартира никто не проживать счётчик электроэнергия квартира отключить сам находиться друг регион возможность разобраться утречком электроэнергия нет просьба подробный помочь разобраться решение проблема,,,,,
4212517,5,я никто не связаться никто не снять показание,,,,,
4212421,5,всё быстро исправить,,,,,
4212044,5,никто не приходить,,,,,
4212028,5,спасибо большой специалист,,,,,
4212014,5,отличный мастер благодарить за выполнить работа,,,,,
4211865,5,очень хороший мастер знать свой дело,,,,,
4211847,5,отлично быстро,,,,,
4211827,5,отличный мастер приехать быстро,,,,,
4211689,5,всё супер спасибо,,,,,
4211650,5,быстро всё починить спасибо,,,,,
4211602,5,благодарить за оперативный выполнение заявка я приятно удивлённый момент подача заявка до выход мастер пройти менее минута точка так держать спасибо,,,,,
4211521,5,спасибо всё быстро качественно,,,,,
4211396,5,мастер прийти установить доводчик быть доброжелательный спасибо,,,,,
4211306,5,оперативный решение вопрос,,,,,
4211280,5,выполнить работа совесть надеяться проблема далёкий не возникнуть,,,,,
4211152,5,мастер очень быстро прийти включить электричество,,,,,
4210961,5,всё отлично татьяна большой спасибо оперативно помочь решить проблема,,,,,
4210956,5,проблема пока не решить рано оценивать,,,,,
4210858,5,сергей самый адекватный сантехник наш жк спасибо,,,,,
4210800,5,спасибо очень быстро,,,,,
4210458,5,ждать справка о отсутствие задолженность показание счётчик передать,,,,,
4210386,5,всё замечательный,,,,,
4210358,5,отлично быстро,,,,,
4210314,5,быстро качественно спасибо,,,,,
4210298,5,спасибо большой всё супер,,,,,
4210256,5,валерий куликов добрый день павел артёмович лишний счётчик из приложение убрать показание по фото внести если дать неверный счётчик снова отобразиться просить вы создать новый заявка направить служба поддержка опять отображаться лишний счётчик,,,,,
4210201,5,спасибо елена,,,,,
4210181,5,огромный спасибо антон за проделать работа всё чётко аккуратно выписать сотрудник премия за ответственный отношение к работа,,,,,
4210106,5,спасибо всё понять,,,,,
4210062,5,не понимать вы не оплачивать коммунальный при тут собственник я мама лплачивать счёт сын свой возможно этот личный кабинет подключить квартира садовый это необходимо для оплата счёт только фамилия разный у мы какой образ получать счёт,,,,,
4209893,5,умница,,,,,
4209886,5,спасибо большой ребята сделать всё хорошо посмотреть быть дальнейший вести себя труба а так всё отлично,,,,,
4209869,5,быстро качественно спасибо большой,,,,,
4209867,5,очень хороший сотрудник помочь установить приложение ключ объяснить работать приложение сделать три ключ доброжелательный отношение всё оперативно,,,,,
4209841,5,здравствуйте забыть о править водоснобжение,,,,,
4209833,5,спасибо большой очень оперативно решить вопрос,,,,,
4209775,5,вода течь горячий спасибо,,,,,
4209725,5,благодарить вы спасибо,,,,,
4209715,5,спасибо всё работать жаль медленно отрабатываться платный заявка,,,,,
4209601,5,я нужный информация именно этот сумма то задолженность нет знать,,,,,
4209446,5,устранить но некачественно сказать быть сам розетка мешаться панель но ни о какой замена речь не идти,,,,,
4209346,5,добрый день спасибо надеяться конус не так легко быть сдвинуть сфера,,,,,
4209170,5,только через заявка решаться вопрос батарея стать горячий,,,,,
4209040,5,большой спасибо оперативно решить проблема,,,,,
4209036,5,шикарный сантехник спасибо через мина после заявка прийти сразу понять причина устранить свой зона ответственность объяснить я надо сделать сам,,,,,
4208969,5,сантехник отреагировать быстро данный момент всё устранить,,,,,
4208733,5,выражать огромный благодарность за оперативность понимание возможность решить этот вопрос дистанционный путём,,,,,
4208729,5,тамбурный дверь не правильно отрегулировать дверь хлопать при закрывание,,,,,
4208679,5,какой гарантийный период у водопроводный система который зашить внутри стена,,,,,
4208580,5,протечка быть фото видеть место мокрый момент приход сантехника уже не капать найти место теча вроде говорить удаться найти тот этаж,,,,,
4208540,5,быстро результативно спасибо,,,,,
4208432,5,по существо оперативно молодец,,,,,
4208370,5,большой спасибо какой вы молодец,,,,,
4208330,5,огромный спасибо за помощь,,,,,
4208316,5,большой спасибо всё сделать быстро оперативно,,,,,
4208301,5,батарея быть холодное течение час решить вопрос,,,,,
4208267,5,у я вопрос быть кто зарегистрировать квартира почему квитанция оплата жкх стоить кол зарегистрировать если я там большой не прописать г,,,,,
4208199,5,спасибо менеджер алина за помощь решение заявка,,,,,
4208073,5,спасибо всё выполнить быстро,,,,,
4207851,5,отлично молодец,,,,,
4207819,5,мария добрый утро абсолютно ничего этаж не отмыть химия не работать это видно фото так же отсутствовать запах прошлый раз когда администратор действительно отмывать быть запах химия плитка быть хоть небольшой белый пятно но без развод сейчас же такой ощущение снова помыть пола грязный тряпка вода просить всетаки разобраться сложиться ситуация,,,,,
4207809,5,всё пройти хорошо вежливый молодой человек всё сделать всё объяснить спасибо,,,,,
4207774,5,оперативно устранить дефект,,,,,
4207439,5,проблема не решить указать эл почта я вы скинуть чек о оплата за декабрь,,,,,
4207370,5,нет ответ,,,,,
4207229,5,подсказать пожалуйста куда скинуть акт о выполнение поверка чтоб приложение отображаться информация поверка провести,,,,,
4207205,5,спасибо интересно а лифт после это,,,,,
4207142,5,отличный представитель всё рассказать подсказать,,,,,
4207006,5,включить лифт быстро но надоесть это наблюдать почти каждый день,,,,,
4206882,5,всё отлично спасибо большой,,,,,
4206862,5,спасибо всё забрать,,,,,
4206420,5,лифт работать я довольный,,,,,
4206375,5,быстро перезвонить вопрос решить,,,,,
4206278,5,по повод уборка этаж я знать убирать среда но проблема уборка этаж спасибо за ваш работа,,,,,
4206272,5,спасибо всё починить,,,,,
4206264,5,спасибо всё сделать очень благодарный за оперативность,,,,,
4206233,5,великолепно электрик прийти быстро всё сделать,,,,,
4205971,5,из сам ходить перекрывать вода у сосед иначе бы уже накапать прилично я пытаться до они достучаться но итог открыть только сантехник после звонок от ук,,,,,
4205925,5,спасибо за оперативность ключ получить,,,,,
4205893,5,спасибо за организованность,,,,,
4205767,5,молодец оперативно вс починить,,,,,
4205747,5,очень быстро оперативно спасибо,,,,,
4205686,5,всё быстро качественно вежливый,,,,,
4205657,5,мастер прийти очень оперативно спасибо,,,,,
4205652,5,приложение по прежний другой человек тоже сергей александров но не тот,,,,,
4205610,5,спасибо большой юрий оперативно позвонить проконсультировать решить проблема спасибо,,,,,
4205558,5,отлично быстро надёжно,,,,,
4205497,5,быстрый реагирование,,,,,
4205393,5,оперативно ещё бы настроить он чтоб не хлопать дверь,,,,,
4205356,5,проблема не устранить,,,,,
4205339,5,нет дата заключение договор,,,,,
4205335,5,спасибо теперь снова чисто,,,,,
4205196,5,долго,,,,,
4204883,5,я замена счётчик не нужно пломбировкп счётчик первичка нужный,,,,,
4204812,5,благодарить за оперативность по устранение протечка,,,,,
4204733,5,почему нельзя сразу так ответить,,,,,
4204564,5,прекрасный специалист спасибо,,,,,
4204456,5,оперативно ответить,,,,,
4204445,5,информация дать,,,,,
4204413,5,мой просьба быстро отреагировать позвонить быстро решить проблема,,,,,
4204394,5,огромный спасибо наконец то решить проблема девушка вести я пошагово терпеливо объяснять,,,,,
4204381,5,спасибо за оперативный устранение авария,,,,,
4204294,5,спасибо менеджер алина,,,,,
4204166,5,отлично спасибо большой чётко быстро,,,,,
4204123,5,мастер замечательный прийти сдалал,,,,,
4204074,5,управлять железняк так не сделать я перерасчёт,,,,,
4204054,5,быть выполнить всё быстро качественно профессионально спасибо,,,,,
4204004,5,спасибо большой дверь открываться,,,,,
4203985,5,быстро оперативно спасибо,,,,,
4203883,5,прийти вопрос девушка всё рассказать показать сделать вопрос решиться за минута спасибо,,,,,
4203848,5,спасибо сантехник сергей за работа по устранение неполадка система гвс,,,,,
4203767,5,просить убрать демонтировать окно из подъезд три месяц стоить,,,,,
4203698,5,всё отлично спасибо ук лично борис,,,,,
4203660,5,поверка провести,,,,,
4203344,5,спасибо два день у магазин ничего нет стеллаж мусор,,,,,
4203334,5,спасибо огромный за почистить снег тоже,,,,,
4203276,5,теперь всё порядок повторный начисление убрать спасибо,,,,,
4203203,5,хотя бы третий раз прислать поменять личинка благодарить,,,,,
4203043,5,теперь у я тоже начать шуметь переоткрыть заявка,,,,,
4202767,5,спасибо показание исправить,,,,,
4202707,5,за ответ благодарить не устраивать я заранее зачислить страховой сумма из переплата январь не согласовать я кто принимать такой решение почему это не быть я согласовать,,,,,
4202703,5,спасибо большой работа,,,,,
4202648,5,благодарить за быстрый отклик,,,,,
4202514,5,супер сотрудник балл профессиональный подход спасибо,,,,,
4202403,5,никто не ответить сначала быть написать приостановить второй ращ выполнить,,,,,
4202396,5,благодарить за терпение,,,,,
4202359,5,спасибо мастер оперативно прислать,,,,,
4202354,5,молодец довольный сантехник,,,,,
4202169,5,спасибо быстро сделать ключ,,,,,
4202115,5,очень быстро решить вопрос от вызов электрика по замена лампа коридор до устранение неисправность пройти минута неожиданно приятно,,,,,
4202058,5,пожалуйста связаться я,,,,,
4202014,5,ждать до весна тёплый время год,,,,,
4202008,5,хороший сервис мир,,,,,
4201875,5,добрый день просить указать срок настройка система аскуэ пока система не работать показание который передавать вручную не учитываться,,,,,
4201832,5,забрать очки,,,,,
4201573,5,спасибо за быстрый отклик заявка к сожаление проблема не решиться запах остаться быть ждать потоп,,,,,
4201552,5,огромный спасибо завтра ждать мастер фломастер,,,,,
4201421,5,специалист перезвонить всё разъяснить,,,,,
4201353,5,всё хорошо,,,,,
4201319,5,хороший,,,,,
4201201,5,почему не давать вносить показание электроэнергия приложение,,,,,
4201195,5,работа выполнить но лампочка очень не качественный часто менять,,,,,
4201149,5,спасибо всё отлично,,,,,
4201146,5,всё сделать быстро качественно,,,,,
4201138,5,быстро среагировать спасибо,,,,,
4201035,5,пока не создать заявка выполняться только уборка техника,,,,,
4200993,5,просить учесть показание счётчик холодный вода,,,,,
4200921,5,так сумма начисление за декабрь так остаться висеть личный кабинет к оплата убрать её она уже оплатить,,,,,
4200782,5,спасибо мусор дверь вынести но пола не помыть,,,,,
4200717,5,выполнить,,,,,
4200630,5,быстро отреагировать заявка сразу решить проблема спасибо,,,,,
4200575,5,человек выпустить но лифт нет телефон для связь по кнопка связь диспечер связь нет поэтому вызывать через сосед,,,,,
4200359,5,большой спасибо за оперативность решение дать проблема,,,,,
4199856,5,вопрос решить очень быстро большой спасибо,,,,,
4199634,5,очень вежливый внимательный мастер всё выяснить починить,,,,,
4199353,5,оперативно устранить протечка,,,,,
4199328,5,всё заработать,,,,,
4199209,5,всё сделать но оперативность не быть третий день после заявка о аварийный ситуация отреагировать то после доп звонок,,,,,
4199183,5,быстро по дело,,,,,
4199041,5,очень довольный быстро качественно благодарить,,,,,
4198998,5,быстро обработать заявка быстро прислать слесарь,,,,,
4198853,5,здравствуйте наш этаж нет запах краска так дверь красить друг этаж заявка касаться зловоние гниль кошачий туалет воскресение январь запах исчезнуть но сейчас он снова появиться усиливаться вонь возле вентиляция у квартира решить пожалуйста проблема,,,,,
4198806,5,вежливый отзывчивый сотрудник быстро решать всё возникнуть проблема,,,,,
4198650,5,быстро качественно спасибо за работа,,,,,
4198475,5,спасибочки большой вы,,,,,
4198390,5,не понять делать далее,,,,,
4198291,5,очень понравиться ваш сотрудник всё проверить показать объяснить надеяться отопление проблема не быть спасибо,,,,,
4198286,5,огромный спасибо всё чётко предварительно перезвонить мастер прийти назначить время,,,,,
4198232,5,добрый вечер это нет расчёт я выставлять счёт это приложение я они оплачивать,,,,,
4198125,5,у я перепутать счётчик электричество я начислить за другой квартира акт сделать просьба сделать перерасчёт сам начало период,,,,,
4197951,5,разъяснение получить спасибо,,,,,
4197775,5,после корректировка настройка топление квартира стать тёплый,,,,,
4197699,5,благодарить за оперативность неполадка устранить,,,,,
4197665,5,всё быстро сделать,,,,,
4197612,5,инженер сказать показание передаваться автоматически почему квитанция начисление по электроэнергия по норматив,,,,,
4197594,5,спасибо за оперативный ответ работа,,,,,
4197464,5,целое быстро оперативно,,,,,
4197411,5,качественно особый благодарность сергей,,,,,
4197358,5,очень быстро спасибо,,,,,
4197343,5,спасибо за быстрый качественный реагирование,,,,,
4197272,5,благодарить за оперативный ответ сторона сотрудник расчётный платёжный отдел,,,,,
4197263,5,уборщица всё равно не подметать мой вопрос почему задать я вопрос а надо не знать какой разьяснение вы делать персонал они о это не курс,,,,,
4197102,5,вода горячий первый время ржавый хотеться бы чтобы устанавливать такой ситуация быстрый за час,,,,,
4196834,5,вопрос решить за мина,,,,,
4196705,5,спасибо андрей всё устранить,,,,,
4196686,5,батарея полностью горячий спасибо огромный за работа,,,,,
4196461,5,спасибо большой выполнить быстро замена,,,,,
4196374,5,спасибо за работа очень хороший человек,,,,,
4196292,5,спасибо мастер прийти всё сделать,,,,,
4196280,5,заявка выполнить,,,,,
4196273,5,очень быстро отреагировать проблема решить,,,,,
4196155,5,спасибо очень быстро выполнить работа,,,,,
4196050,5,быстро понятно спасибо,,,,,
4196018,5,очень быстро отреагировать приехать удобный время,,,,,
4196007,5,спасибо за ответ,,,,,
4195996,5,к кто обратиться по повод оплата квитанция другой плательщик,,,,,
4195981,5,приложение нужно дорабатывать сам писать зачисляться до день сам просить оплатить до январь а у сам нет никакой данные о поступление уже выписка приложить всё без изменение,,,,,
4195889,5,спасибо я видеть счётчик завести программа отобразиться приложение,,,,,
4195801,5,большой спасибо за выполнение работа,,,,,
4195710,5,спасибо получить ключ сам не мочь просить выдать ключ трофимов степан викторович г р,,,,,
4195613,5,спасибо за оперативный выполнение заявка,,,,,
4195451,5,ук отреагировать быстро сантехник прийти вовремя исправить,,,,,
4195438,5,чисто быстро аккуратно,,,,,
4195410,5,всё разъяснить,,,,,
4195403,5,заявка выполнить быстро спасибо,,,,,
4195343,5,большой спасибо мастер который чинить батарея прислать очень быстро я даже не ожидать всё спокойно сделать спасибо,,,,,
4195282,5,повторный заявка,,,,,
4195248,5,отлично большой спасибо,,,,,
4195228,5,да неисправность устранить но по время не очень быстро,,,,,
4195166,5,кнопка не светиться при нажатие,,,,,
4195150,5,мастер прийти день заявка это радовать розетка оказаться исправный итог по ремонт не прийтись ничего делать быть наблюдать надеяться быть работать далёкий,,,,,
4194964,5,мастер прийти вовремя поменять опломбировать счётчик всё отлично,,,,,
4194961,5,просить прислать акт заключение потолок образоваться пятно от протечка,,,,,
4194881,5,ужасный управлять компания,,,,,
4194871,5,благодарить за чистота подъезд а то у мы там появиться неприятный запах,,,,,
4194793,5,быстро помочь ответ чётко выразить мысль то я просить услышать,,,,,
4194765,5,работа выполнить быстро,,,,,
4194745,5,спасибо счётчик стать работать,,,,,
4194731,5,январь пока запаа нет,,,,,
4194676,5,спасибо очень помочь отличный сантехник,,,,,
4194664,5,спасибо большой сергей сантехник прийти быстро всё отремонтировать дать дельный совет,,,,,
4194591,5,заявка выполнить спасибо за забота,,,,,
4194537,5,отлично работать теперь,,,,,
4194448,5,всё понятно спасибо,,,,,
4194412,5,вопрос решить спасибо,,,,,
4194380,5,поплнять пожалуйста своевременно сейчас опять мало пакет,,,,,
4194284,5,спасибо большой за работа за быстрый ответ заявка устранение,,,,,
4194255,5,лк у я нет задолженность оплачивать более неделя назад,,,,,
4194143,5,большой спасибо инженер,,,,,
4194109,5,спасибо станислав большой,,,,,
4194080,5,идеально закрываться дверь огромный спасибо мастер,,,,,
4193955,5,хотеться бы чтобы передать информация отдел заниматься возврат средство получаться нет взаимодействие смежный отдел ук,,,,,
4193850,5,хорошо только цвет другой,,,,,
4193778,5,спасибо большой всё оперативно устранить,,,,,
4193739,5,это учёт остальной платёж или только за электричество,,,,,
4193423,5,оплата за коммунальный услуга оплатить когда можно перо заказать справка,,,,,
4193401,5,всё супер спасибо сантехник за решение проблема,,,,,
4193160,5,спасибо за быстрый исполнение заявка,,,,,
4193119,5,спасибо за оперативный работа вопрос решить,,,,,
4192998,5,оперативно качественно проффессиональный,,,,,
4192859,5,спасибо всё оперативно быстро быть сделать,,,,,
4192829,5,спасибо за порядок наш площадка,,,,,
4192809,5,отработать оперативно,,,,,
4192803,5,быстро класс,,,,,
4192799,5,неверный логин пароль,,,,,
4192791,5,всё оперативно спасибо,,,,,
4192779,5,неверный логин пароль,,,,,
4192700,5,всё быстро чётко спасибо,,,,,
4192664,5,надеяться закрепить а не просто втолкнуть назад проверить вечером,,,,,
4192425,5,всё работать,,,,,
4192420,5,благодарить за оперативный решение,,,,,
4192400,5,помыть только пол дверь где входной группа так пыль,,,,,
4192384,5,оперативно быстро всё сделать требоваться,,,,,
4192338,5,первый раз за год заявка выполнить полагаться оперативно спасибо,,,,,
4192327,5,быстро отреагировать техника позвонить то где то сделать отопление снова греть спасибо,,,,,
4192161,5,отреагировать моментально сантехник найти причина быстро устранить быстро спасибо большой,,,,,
4192111,5,вы хороший благодарить,,,,,
4191863,5,отличный работа быстро качественно,,,,,
4191852,5,отличный работа быстро качественно,,,,,
4191814,5,не доделать работа до конец уйти пока трудно оценить устранить ли причина протечка,,,,,
4191800,5,очень благодарный,,,,,
4191795,5,спасибо за ремонт приступить к работа тот же день,,,,,
4191725,5,посыпать песок но не везде упасть парковка разбить рука,,,,,
4191673,5,всё объяснить обнаружить утечка сверху залитие приостановить благодарить,,,,,
4191635,5,да заработать,,,,,
4191625,5,спасибо мастер прийти очень быстро,,,,,
4191616,5,спасибо очень быстро отреагировать заменить лампа не только этаж но первый благодарить,,,,,
4191610,5,сделать всё быстро,,,,,
4191609,5,быстро сделать спасибо,,,,,
4191309,5,спасибо хорошо убрать,,,,,
4191296,5,очень чисто спасибо за уборка,,,,,
4191260,5,большой спасибо всё выполнить оперативно качественно,,,,,
4191047,5,спасибо заявка выполнить,,,,,
4190995,5,заявка отреагировать ночью мгновенно течь устранить операивно качественно спасибо весь виктор персонально,,,,,
4190986,5,спасибо оперативно отреагировать перекрыть вода,,,,,
4190976,5,выполнить спасибо,,,,,
4190855,5,очень быстро решить проблема,,,,,
4190830,5,спасибо большой вы очень аперативный,,,,,
4190827,5,всё оперативно устранить,,,,,
4190748,5,хорошо решить вопрос но тем не менее человек менее внимательный не обратить бы внимание прийти повторный счёт за коммуналка оплатить он бы дважды,,,,,
4190727,5,чётко оперативно,,,,,
4190696,5,причина выяснить но дверь быть открыть так остаться вопрос не быть решить,,,,,
4190639,5,очень быстро отреагировать,,,,,
4190613,5,частично произвести уборка засохшоя дерьмо угол так остаться не убрать,,,,,
4190484,5,спасибо быстро исправить,,,,,
4190280,5,всё быстро хорошо,,,,,
4190237,5,долго но всё равно спасибо,,,,,
4190112,5,спасибо быстро отреагировать,,,,,
4189998,5,оперативно доброжелательно качественно огромный спасибо за помощь,,,,,
4189874,5,быстро вовремя,,,,,
4189813,5,огромный спасибо за мгновенный помощь очень приятно так быстро среагировать понятно объяснить какой кнопка нажимать теперь я знать делать подобный случай ещё раз спасибо,,,,,
4189802,5,быстро сработать,,,,,
4189612,5,огромный спасибо за оперативный помощь,,,,,
4189591,5,всё решить быстро,,,,,
4189282,5,лифт засрали можито видео посмотреть кто это свинить чтобы за саба не убирать посмотретий пожалуйста видео,,,,,
4189200,5,спасибо огромный андрей мастер свой дело,,,,,
4189189,5,благодарить,,,,,
4189147,5,отличный мастер приходить отзывчивый всё устранить,,,,,
4188873,5,ура спасибо большой а можно они ещё отрегулировать чтобы медленно закрываться дверь,,,,,
4188867,5,вот это скорость выполнение заявка вот это я понимать пример весь остальной спасибо большой,,,,,
4188741,5,вода дать но не понятно почему она не быть,,,,,
4188691,5,прислать быстро всё исправить щиток оказаться у многий плохо прикрутить контакт спасибо,,,,,
4188688,5,оперативно качественно доброжелательно,,,,,
4188654,5,благодарить вы за быстрый услуга,,,,,
4188649,5,благодарить за выполнить работа быстро качественно,,,,,
4188411,5,отличный работа спасибо,,,,,
4188357,5,оперативно помочь,,,,,
4188302,5,протечка устранить спасибо,,,,,
4188256,5,спасибо большой квартира а правда очень тепло стать сделать отопление вот значит опытный сантехник,,,,,
4188199,5,этот же автомобиль это же место припарковать данный момент из за это автомобиль участок еле проходимый,,,,,
4188140,5,добрый день спасибо за понимание быстрый решение,,,,,
4188136,5,спасибо за решение проблема,,,,,
4188133,5,время устранить,,,,,
4188057,5,большой вы спасибо,,,,,
4188030,5,спасибо оперативно всё починить,,,,,
4188008,5,мастер оперативно найти причина протечка,,,,,
4187925,5,отлично всё устранить краткий срок благодарить,,,,,
4187767,5,пока работать всё хорошо,,,,,
4187651,5,убрать,,,,,
4187591,5,мастер супер спасибо огромный,,,,,
4187529,5,спасибо огромный всё профессионально,,,,,
4187508,5,всё работать спасибо,,,,,
4187459,5,андрей товарищ всё исправить отличный работа,,,,,
4187426,5,я сделать ремонт коридор если подвал сухо но надеяться от грибок квартира большой нет благодарить за фото,,,,,
4187271,5,спасибо огромный у мы самолёт первоклассный специалист,,,,,
4187234,5,ну здесь целое мочь сказать заявка выполнить здесь вы спасибо,,,,,
4187231,5,спасибо большой за компетентный разъяснение вопрос,,,,,
4187213,5,быть бы хорошо чтобы они не ломаться каждый женя они же новый,,,,,
4187157,5,очень понравиться насколько качественно быть выполнить работа по устранениия теча стояк по устранение последствие авария грачёв михаил голубеть просить прощение не знать имя очень качественно высокий уровень выполнить свой работа даже профессинать высоко оценить,,,,,
4187124,5,супер мастер протечка устранить спасибо,,,,,
4187095,5,так не работать дверь входной дамовон,,,,,
4187034,5,хотеться бы чтобы работа выполняться постоянно без заявка,,,,,
4186976,5,удивлённый так быстро среагировать,,,,,
4186936,5,всё супер отличный спокойный мастер,,,,,
4186872,5,большой спасибо татьяна,,,,,
4186811,5,шум пройти надеяться не повториться спасибо,,,,,
4186802,5,спасибо очень быстро всё сделать,,,,,
4186779,5,звезда заочно так специалист дать оперативный грамотный консультация но проблема пока не решить,,,,,
4186370,5,оперативно прийти сотрудник найти источник протечка,,,,,
4186346,5,быстро принять мера,,,,,
4186341,5,всё сделать,,,,,
4186199,5,всё сделать грамотно оперативно,,,,,
4186065,5,быстро качественно результативно спасибо,,,,,
4186063,5,спасибо большой всё быстро починить,,,,,
4185970,5,оперативно разрешить данный проблема надеяться большой данный место после сварка протекать не быть,,,,,
4185965,5,спасибо сантехник валерий устранить гул у сосед,,,,,
4185904,5,батарея ванная горячий спасибо,,,,,
4185836,5,огромный спасибо слесарь прислать быстро всё устранить,,,,,
4185789,5,никто не приходить греметь так греметь после повторный обращение переоткрытие заявка дефект быть устранить,,,,,
4185701,5,спасибо всё сделать мастер,,,,,
4185671,5,приятный менеджер,,,,,
4185653,5,спасибо большой всё быстро по дело,,,,,
4185499,5,спасибо всё сделать от начало заявка до регулировка батарея за минута очень толковый работник прийти,,,,,
4185305,5,а тлично,,,,,
4185279,5,оплатить,,,,,
4185235,5,лифт не работать кнопка не активный,,,,,
4185154,5,спасибо заменить лампа,,,,,
4185044,5,просить просмотреть пройти ли платёж сегодня новый сумма квитанция деньга списать,,,,,
4184979,5,не передать гарантийный отдел,,,,,
4184905,5,мастер быстро отреагировать сразу прийти проблема решить,,,,,
4184692,5,оперативно исправить,,,,,
4184636,5,спасибо всё быстро качественно,,,,,
4184497,5,отлично спасибо мастер всё установить нужно,,,,,
4184450,5,спасибо за ликвидация авария,,,,,
4184444,5,мастер подойти течение минута спасибо огромный,,,,,
4184403,5,не работать грузовой лифт,,,,,
4184401,5,спасибо юлия ерлан за решение вопрос,,,,,
4184362,5,быстро прислать течь устранить,,,,,
4184236,5,уборка быть выполнить,,,,,
4184131,5,мастер всё сделать хорошо всё замазать установить крепко подключить,,,,,
4184057,5,подача горячий вода система отопление быть выполнить течение мина момент подача заявка по отсутствие отопление,,,,,
4184051,5,подача горячий вода система горячее водоснабжение быть выполнить течение мина момент подача заявка по отсутствие горячий вода,,,,,
4183926,5,спасибо большой всё хорошо сделать,,,,,
4183879,5,большой спасибо менеджер репин светлана за оперативный решение проблема,,,,,
4183869,5,быстро устранить течь шахта,,,,,
4183815,5,мастер приехать вовремя устранить неполадка,,,,,
4183772,5,спасибо очень оперативно несмотря праздник,,,,,
4183642,5,очень приятно так оперативно отреагировать решить вопрос спасибо большой,,,,,
4183495,5,быстро хорошо спасибо,,,,,
4183490,5,починить быстро спасибо,,,,,
4183486,5,великолепный человек включить всё мы проверить работать ли всё лампа тд объяснить можно сделать следующий раз такой ситуация спасибо он,,,,,
4183452,5,засор устранить,,,,,
4183086,5,оперативно молодец,,,,,
4182972,5,оперативно спасибо не заставить ждать окончание праздник новый год,,,,,
4182649,5,всё мастер поправить работать спасибо большой,,,,,
4181848,5,услуга быть оказать качественно но не своевременно спустя день после запрос,,,,,
4181692,5,срок конечно так себя,,,,,
4181684,5,заявка не выполнить,,,,,
4181430,5,долго мастер не приходить после оплата,,,,,
4181376,5,ещё бы плитка восстановить пока никто не сломать нога,,,,,
4181240,5,спасибо за оперативность тот день,,,,,
4180938,5,течь устранить оперативно работа выполнить качественно спасибо большой вячеслав за помощь,,,,,
4180924,5,оперативно устранить проблема вежливый мастер всё чётко по дело спасибо,,,,,
4180841,5,спасибо теперь всё работать,,,,,
4180516,5,благодарить за развернуть ответ,,,,,
4180245,5,спасибо мастер они отлично выполнить свой работа,,,,,
4179933,5,доводчик заменить,,,,,
4179271,5,я просить прощение донимать возможно не по адрес но хотеть понять это отдельный платёж за кап ремонт получаться или это к они нужно обратиться,,,,,
4178763,5,спасибо большой всё очень быстро удобно,,,,,
4178642,5,спасибо за отмена заявка по мой просьба,,,,,
4178205,5,спасибо теперь всё работать,,,,,
4178055,5,очень хорошо убрать спасибо,,,,,
4177499,5,дать расчёт не предоставить,,,,,
4177193,5,показание по счётчик снять но нет ответ по повод сумма последний квитанция она верный почему она идентичный предыдущий месяц,,,,,
4176769,5,быстро отреагировать заявка опломбировать то же быстро остаться довольный спасибо,,,,,
4176418,5,здравствуйте просить заметить крайний квитанция более ранний неверно проставить дата последний платёж это связать,,,,,
4175916,5,добрый день ноябрь счёт быть оплатить ноябрь вот скрин из приложение банк просить проверить оплата написать поступить вы октябрь до конец год ноябрь быть оплатить проверить пожалуйста тут нет возможность приложить скрин написать куда отправить квитанция о оплата,,,,,
4174552,5,не мочь найти открыть новый,,,,,
4174485,5,ждать морозный погода бы замерить тепловизор температура стена,,,,,
4174324,5,так декабрь оплачивать за ноябрь а сейчас идти авансовый который должный быть до январь оплатить,,,,,
4174244,5,мастер просто супер сделать всё высокий уровень спасибо большой,,,,,
4173976,5,не убрать быть так до сей пора не убрать,,,,,
4173856,5,назначить уборка часть забор надеяться куча графия блок занимать место ждать,,,,,
4173654,5,проконсультировать по телефон обещать перерасчёт следующий счёт ждать счёт,,,,,
4173495,5,добрый вечер да личный кабинет написать оплата объяснить почему нет чековый история оплата,,,,,
4173423,5,проблема решить но после повторный заявка,,,,,
4173232,5,смотреть сообщение от о поверка счётчик вы же я предлагать вот акт у вы есть так я начисляться отопление не по счётчик,,,,,
4172875,5,снова не работать доводчик дверь,,,,,
4172321,5,спасибо огромный за перепрограммирование,,,,,
4172165,5,просить разобраться по счёт за кладовый помещение а не за квартира,,,,,
4171777,5,приложение не обновиться номер новый счётчик по горячее водоснабжение мочь перепроверить информация,,,,,
4171734,5,заявка закрытый без фактический исполнение не обоснованный контрольный показание счётчик так не снять акт не составить перерасчёт не сделать просить возобновить исполнение заявка,,,,,
4169592,5,всё быстро сделать,,,,,
4169034,5,у я быть вопрос по показание счётчик вода за период октябрь год а я привести дать за ноябрь декабрь,,,,,
4168643,5,дрлго всё срок оплата уже пройти к тот момент появиться информация банковский приложение,,,,,
4168303,5,жк спутник самый хороший инженер,,,,,
4167943,5,спасибо хоть очень не оперативно заявка выполнить,,,,,
4167550,5,поверка не произвести,,,,,
4166802,5,решить но прийтись раз просить,,,,,
4166479,5,а можно обновить дать личный кабинет чтоб светиться актуальный счетчикм,,,,,
4166478,5,наконец то уровень сервис дойти до отметка где смочь решить этот проблема,,,,,
4165770,5,сосед так хранить вещь а лист быть просто положить результат он просто выбросить нужно наклеить лист оповещение окно чтоб быть видно либо принять мера к человек который продолжать пренебрегать правило пользование помещение,,,,,
4164707,5,большой спасибо марина за контроль уборка надеяться так быть всегда,,,,,
4164480,5,добрый день я просить составить заявка по уборка лестничный марш по повод уборка коридор у я пока нет претензия просить навести порядок лестничный марш,,,,,
4163362,5,магнитный замок так не закрепить диагностика установление причина видимо даже не проводиться,,,,,
4163143,5,спасибо большой всё идеально,,,,,
4162676,5,дверь исправный,,,,,
4161837,5,плесень не устранить просьба устранить,,,,,
4158543,5,указанный ключ не работать ростелеком раз они перепрошивать не открывать дверь из приложение дверь открываться клбч нет ерт от,,,,,
4158342,5,по состояние оба лифт работать спасибо,,,,,
4155819,5,чудесный мастер благодарить,,,,,
4155636,5,добрый день услуга оказать отвратительный трещина задеть шпатлёвка после высыхание шов не быть зашлифовать сразу быть нанести краска также испортить вид посещение моп из за окраска не тон ранее окрашеный стена,,,,,
4154287,5,напольный покрытие видимо отдельный задача,,,,,
4153150,5,нормально,,,,,
4151170,5,долг за водоотвод не снятой подтверждать документ не выслать,,,,,
4150415,5,большой спасибо за решение проблема,,,,,
4149510,5,никто не позвонить,,,,,
4149144,5,приложение не возможно поменять л а по новый квартира не добавить так к уже есть одобрение,,,,,
4149091,5,вы не ответить внести ли вы изменение я волновать начисление январь год я вы предоставить адресный справка который от год который говориться прописать только один человек это я я волновать вопрос внести ли вы дать о снятие регистрация мой сын чтобы ава,,,,,
4149082,5,спасибо спускать воздух регулярно,,,,,
4148781,5,прийти пьяный сантехник ни хрен не сделать но заявка выполнить,,,,,
4147013,5,даже никто не подходить к отвалиться плитка какой образ стоить статус выполнить свершиться чудо целый месяц приклеивать спасибо это,,,,,
4146277,5,после после провести регулировка окно стать цеплять рама,,,,,
4145398,5,звезда за то не оперативно реагировать заявка банальный,,,,,
4145150,5,сосед так же продолжать ставить вещь просить принять мера,,,,,
4143079,5,всеееееий оооооооочень долгоооооо,,,,,
4137532,5,решить просто закрыть не выполнить,,,,,
4136400,5,хотеться бы более быстрый решение проблема,,,,,
4135758,5,проблема течь вода устранить но смеситель я не заменить,,,,,
4134698,5,выполнить заявка через неделя,,,,,
4134107,5,решить сам,,,,,
4129290,5,отдельный благодарность инженер кирилл,,,,,
4127422,5,к момент когда запланировать работа по установка шлагбаум просить рассмотреть возможность установка противондальный шлагбаум,,,,,
4127356,5,уборка провести,,,,,
4126199,5,неверный показание,,,,,
4126095,5,огромный благодарность служба клининга за решение непростой но очень важный вопрос навести идеальный порядок указанный этаж эвакуационный лестница свободный впечатлить спасибо вы,,,,,
4124687,5,снова окно дуть плохой прежний не открываться проветривание,,,,,
4122907,5,чётко,,,,,
4122085,5,задача ни решить,,,,,
4122046,5,ждать перерасчёт квитанция получаться тогда пока не оплачивать тут выставить счёт,,,,,
4120812,5,просить отремонтировать розетка доступ предоставить,,,,,
4115844,5,ситуация стать хороший но всё равно есть перепад давление,,,,,
4109161,5,вода стоять поддон так стоить,,,,,
4109107,5,никакой действие по заявка не произвести,,,,,
4107044,5,пересчёт декабрь не произвести,,,,,
4105039,5,домофон звонить но открыть дверь через он из квартира я открыть не мочь,,,,,
4102571,5,пока работать,,,,,
4093813,5,ждать ответ,,,,,
4089808,5,после опломбировка не оставить документ почтовый ящик они можно получить,,,,,
4086655,5,большой спасибо за качественный быстрый профессиональный работа,,,,,
4085301,5,конструкция быть смонтировать ещё лето никакой работа не производиться просить убрать конструкция от мой помещение,,,,,
4081915,5,работа не проводиться не начинаться завершиться они фантазия откос дуть так дуть свист из стена над окно тоже дуть ветер,,,,,
4077923,5,конец то спасибо,,,,,
4076583,5,работа выполнить большой спасибо,,,,,
4073378,5,не гореть,,,,,
4070028,5,качество материал высокий уровень водяной счётчик не прожить два год а цена квартира будто материал из чистый золото главное никто не за не отвечать впрочем ничего новый стабильность это хорошо,,,,,
4054658,5,наконец то,,,,,
4054366,5,заявка не исполнить,,,,,
4054038,5,не сделать,,,,,
4043522,5,до сей пора приложение нет актуальный информация о поверка счётчик я не мочь из за это передать показание,,,,,
4029610,5,просить исключить услуга обслуживание система безопасность из квитанция услуга домофон видео для кладовая невозможный кладовая позвонить нельзя,,,,,
4028095,5,пломбировка сделать ждать начисление,,,,,
4027304,5,а дверь кто быть убирать,,,,,
4024016,5,спасибо наконец то всё работать,,,,,
4023631,5,нужно поменять фоновый труба,,,,,
4001432,5,ждать появление счётчик лк,,,,,
4000748,5,не отражённый статус по поверка приложение,,,,,
3983227,5,всё оперативно,,,,,
3964146,5,достойный решение инженер,,,,,
3950430,5,ключ не работать,,,,,
3942246,5,почему не отражаться проверка пройти писать пройти же проверка лк даже сообщение не ответить молча закрыть заявка,,,,,
3930060,5,можно быть б быстрый,,,,,
3913182,5,очень долго ожидать реакция заявка,,,,,
3890469,5,стоимость услуга высокий,,,,,
3886089,5,несколько день делать,,,,,
3862602,5,не убирать перерасчёт,,,,,
3855232,5,повторно вы обещать включить вопрос о перенос скамейка повестка близкий осс но не включить почему,,,,,
3818127,5,вопрос не решить же,,,,,
3814674,5,плитка уложить но дождь всё равно скапливаться лужа,,,,,
3810992,5,резиновый прокладка окно заменить частично от продувание не помочь,,,,,
3798582,5,всё отлично проблема решить,,,,,
3669717,5,оплатить,,,,,
3665945,5,лампочка перегореть так никто они не поменять этаж холл у лифт,,,,,
3542834,5,проблема не устранить запах от тот шкаф остаться сейчас ещё сильный стать вонять,,,,,
3507812,5,долго но приятно,,,,,
3478532,5,г ребята установить кондиционер работа сделать качественно без лишний шум грязь быстро михаил менеджер ответить всё вопрос предоставить весь информация дать профессиональный совет отправить прекрасный бригада николай альпинист монтажник сергей сёма монтажник электрик ребята вежливый аккуратный доброжелательный отличный работник благодарить за профессионализм заинтересованность клиент,,,,,
3296403,5,два день мусоропровод сегодня утро тоже,,,,,
3165822,5,отрегулировать дверь замок для должный открывание закрывание,,,,,
2991660,5,всё сделать хорошо,,,,,
